Species (Stace 1997),Species (Stace 2010),Native status,Anglesey,Banff,Berkshire,Berwickshire,Caithness,Cardiganshire,Cheshire,Clyde Islands,Cornwall,Dorset,Durham,East Ross,Hampshire,Lincolnshire,Montgomeryshire,Mid-west Yorkshire,Norfolk,North Ebudes,Northumberland,South Lancashire,Shropshire,Staffordshire,Sussex,Worcestershire,Counties axiophyte,Comment
Acer campestre,,N, , , , , , , , , , ,1, , ,1, , , , , ,1, , ,1, ,4,
Aceras anthropophorum,Orchis anthrophora,N, , , , , , , , , , , , ,1,1, , ,1, , , , , , , ,3,
Achillea ptarmica,,N,1,1,1,1, ,1, , ,1,1,1, ,1,1,1, ,1, , , ,1,1,1,1,16,
Aconitum napellus,,NA, , , , , , , , , , , , , , , , , , , , ,1, , ,1,2,
Adiantum capillus-veneris,,N, , ,, , , , , ,1,1, , , , , , , , , , , , , , ,2,Berkshire deleted as neophyte there
Adonis annua,,AR, , , , , , , , , ,1, , ,1, , , , , , , , , , , ,2,
Adoxa moschatellina,,N,1,1,1,1,1, ,1, ,1,1,1,1, ,1,1,1,1, ,1,1,1,1,1, ,19,
Aethusa cynapium,,NA, , , , , , , , , , , , , , , , , , ,1, , , , , ,1,
Agrimonia eupatoria,,N,1,1, ,1, , ,1,1, , ,1,1, ,1,1,1, , ,1,1, ,1, , ,13,
Agrimonia procera,,N,1, ,1, , ,1, ,1,1, , , , , ,1,1,1, ,1,1,1, ,1,1,13,
Agrostis canina,,N, ,1, , ,1, ,1, ,1, , , , ,1, , ,1, , ,1, ,1, ,1,9,
Agrostis curtisii,,N, , ,1, , , , , ,1,1, , ,1, , , , , , , , , , , ,4,
Agrostis stolonifera,,N, , , , ,1, , , , , , , , , , , , , , , , , , , ,1,
Agrostis vinealis,,N, , , , ,1, ,1, ,1, , , , , , , ,1, , ,1, ,1,1,1,8,
Aira caryophyllea,,N,1, ,1,1,1,1, ,1, ,1,1, , , ,1,1,1,1,1,1,1,1,1,1,18,
Aira praecox,,N,1, , , ,1, ,1, , ,1,1, , ,1, ,1,1, ,1,1,1,1,1,1,14,
Ajuga chamaepitys,,NA, , , , , , , , , , , , ,1, , , , , , , , , , , ,1,
Ajuga pyramidalis,,N,, , , ,1, , , , , , ,1, , , , , ,1, , , , , , ,3,Deleted for Anglesey as never occurred there
Ajuga reptans,,N, , , ,1,1, ,1, ,1, , , , ,1, , , , ,1,1, , , , ,7,
Alchemilla acutiloba,,N, , , , , , , , , , ,1, , , , , , , ,1,, , , , ,2,South Lancs deleted as thought to be introduced there
Alchemilla alpina,,N, ,1, , ,1, , , , , , ,1, , , , , ,1, , , , , , ,4,
Alchemilla filicaulis,,N,1,1,1,1, ,1, ,1, ,1, ,1, , ,1, ,1,1,1,1,1,1, ,1,16,
Alchemilla glabra,,N, , , , , ,1, ,1, , , , , , ,1, , , ,1,1,1,1, , ,7,
Alchemilla glaucescens,,N, , , ,1, , , , , , , , , , , ,1, , , , , , , , ,2,
Alchemilla glomerulans,,N, ,1, , , , , , , , ,1,1, , , ,1, , , , , , , , ,4,
Alchemilla micans,,N, , , , , , , , , , , , , , , , , , ,1, , , , , ,1,
Alchemilla monticola,,N, , , , , , , , , , ,1, , , , , , , ,1, , , , , ,2,
Alchemilla subcrenata,,N, , , , , , , , , , ,1, , , , , , , , , , , , , ,1,
Alchemilla vulgaris agg.,,N,1,1,1,1, ,1, ,1, ,1,1,1, ,1,1,1,1,1,1,1,1,1, ,1,19,
Alchemilla wichurae,,N, , , , , , , , , , ,1,1, , , ,1, ,1, , , , , , ,4,
Alchemilla xanthochlora,,N,1, , , , , , , , , , ,1, , ,1, , ,1,1, ,1,1, ,1,8,
Alisma gramineum,,N, , , , , , , , , , , , , , , , , , , , , , , ,1,1,
Alisma lanceolatum,,N, , ,1, , , , , , ,1, , ,1, , ,1,1, , ,1,1,1,1,1,10,
Alisma plantago-aquatica,,N,1, , ,1, ,1, ,1, , , ,1, ,1, ,1, , , , , , , , ,7,
Alliaria petiolata,,N, , , , , , , ,1, , , ,1, , , , , , , , , , , , ,2,
Allium ampeloprasum,,AR, , , , , , , , , ,1, , , , , , , , , , , , , , ,1,
Allium oleraceum,,N, ,1, , , , , , , ,1, , , , , ,1, , ,1, ,1, , ,1,6,
Allium schoenoprasum,,N, , , , , , , , ,1, , , , , , , , , ,1, , , , , ,2,
Allium scorodoprasum,,N, , , ,1, , , , , , , , , , , ,1, , ,1,1, , , , ,4,
Allium ursinum,,N,1, , ,1,1,1, , ,1, ,1,1,1,1,1, ,1,1,1, ,1, ,1, ,15,
Allium vineale,,N,1,1, ,1, , , ,1, , , , , , ,1,1,1, ,1,1, ,1,1, ,11,
Alopecurus aequalis,,N, , ,1, , , , , , ,1, , , , ,1,1,1, , ,1,1,1, ,1,9,
Alopecurus borealis,Alopecurus magellanicus,N, , , , , , , , , , ,1,1, , , , , , , , , , , , ,2,
Alopecurus bulbosus,,N, , , , , , , , , ,1, , ,1, , , , , , , , , , , ,2,
Alopecurus geniculatus,,N, , , , ,1, , , , , , , , , , , ,1, , , , , , , ,2,
Althaea officinalis,,N, , , , , , , , , ,1, , ,1,1, , ,1, , , , , , , ,4,
Ammophila arenaria,,N,1,1, ,1,1,1, ,1,1, , ,1,1,1, , ,1,1, ,1, , ,1, ,14,
Anacamptis pyramidalis,,N,1, ,1, , ,1, , ,1,1,1, , ,1,1,1,1, ,1,1,1, ,1,1,15,
Anagallis arvensis,,N, , , , , , , ,1, , , , , , , ,1, , ,1,1, , , ,1,5,
Anagallis minima,Centunculus minimus,N,1,1, , , ,1, ,1,1,1, , ,1, , ,1,1,1, , ,1, ,1,1,13,
Anagallis tenella,,N,1,1, ,1, ,1,1,1,1,1, ,1,1,1,1,1,1,1,1,1,1,1,1,1,21,
Anchusa arvensis,,AR,1,1, , , ,1, ,1,1, , , , , , ,1, ,1,1, ,1,1,1,1,12,
Andromeda polifolia,,N, , , , , ,1,1, , , , , , , ,1,1, , ,1,1,1, , , ,7,
Anemone nemorosa,,N,1,1, ,1,1,1, , ,1,1,1,1, ,1,1,1,1, ,1, ,1,1,1, ,17,
Angelica sylvestris,,N, ,1, , ,1, , , , , , , , ,1, , , , , , , , , , ,3,
Anisantha sterilis,,AR, ,1, , , , , , , , , , , , , , , , , , , , , , ,1,
Antennaria dioica,,N,1,1, ,1,1,1, ,1, , ,1,1, , ,1,1, , ,1,1, , , , ,12,
Anthemis arvensis,,AR, , , , , , , , , ,1, , ,1, , , ,1, ,1, , ,1, ,1,6,
Anthemis cotula,,AR, , , , , ,1, , ,1, , , , , , , ,1, , , ,1,1, ,1,6,
Anthriscus caucalis,,N,1, , , , , ,1, ,1,1, ,1,1, ,1, , , ,1,1,1,1, ,1,12,
Anthyllis vulneraria,,N,1,1,1,1,1,1, ,1, ,1,1,1, ,1, ,1,1,1,1,1,1,1,1,1,20,
Apera spica-venti,,AR, , ,1, , , , , , , , , , , , , ,1, ,1, , , , , ,3,
Aphanes arvensis,,N, , , , ,1, , , , , , , , , , , , ,1, ,1, , , , ,3,
Aphanes australis,,N, , , , , , , ,1, ,1, , , , , , , , , ,1,1,1,1, ,6,
Apium graveolens,,N,1, ,1, , ,1,1, ,1,1,1, ,1, , , ,1, ,1,1, , ,1,1,13,
Apium inundatum,,N,1, , ,1,1,1,1,1,1,1, ,1,1, ,1,1,1, ,1,1,1,1, ,1,18,
Apium nodiflorum,,N, , , ,1, , , ,1, , , , , , , , , , , , , , , , ,2,
Apium repens,,N, , ,1, , , , , , , , , , , , , , , , , , , , , ,1,
Aquilegia vulgaris,,N,1, , , , , , , , ,1,1, , ,1, ,1, , , , , , ,1, ,6,
Arabidopsis thaliana,,N, , , , ,1, , , , , , , , , , , , , , , , , , , ,1,
Arabis glabra,Turrittis glabra,N, , , , , , , , , , , , , , , , ,1, ,1, , , , ,1,3,
Arabis hirsuta,,N,1,1, ,1, , , , ,1,1, ,1,1, ,1, ,1,1,1,1,1,1,1, ,15,
Arabis petraea,Arabidopsis petraea,N, ,1, , , , , , , , , ,1, , , , , ,1, , , , , , ,3,
Arctostaphylos alpinus,,N, ,1, , ,1, , , , , , ,1, , , , , , , , , , , , ,3,
Arctostaphylos uva-ursi,,N, ,1, , ,1, , ,1, , ,1,1, , , , , ,1,1, , , , , ,7,
Arenaria norvegica,,N, , , , , , , , , , , ,1, , , ,1, ,1, , , , , , ,3,
Arenaria serpyllifolia,,N,1,1, , , ,1, ,1, , , ,1, , ,1,1, ,1,1,1, , ,1, ,11,
Armeria maritima,,N, ,1, ,1,1, ,1, ,1,1,1, ,1,1,1,1,1, ,1,1, , ,1, ,15,
Artemisia absinthium,,AR, , , , , , , , , , , , , , , , , , ,1, , , , , ,1,
Artemisia norvegica,,N, , , , , , , , , , , ,1, , , , , , , , , , , , ,1,
Artemisia vulgaris,,AR, , , , , , , ,1, , , ,1, , , , , , , , , , , , ,2,
Arum italicum,,N, , , , , , , , , ,1, , , , , , , , , , , , ,1, ,2,
Arum maculatum,,N, , , , , , , ,1, , ,1, , , , , , , , ,1, , , , ,3,
Asparagus officinalis subsp.prostratus,Asparagus prostratus,N, , , , , , , , ,1,1, , , , , , , , , , , , , , ,2,
Asperula cynanchica,,N, , , , , , , , , ,1, , ,1,1, ,1,1, , , , , ,1,1,7,
Asplenium adiantum-nigrum,,N, ,1,1, ,1, , , , , , ,1, , , ,1,1, , ,1, , , , ,7,
Asplenium marinum,,N,1,1, ,1,1,1,1,1,1,1,1,1, , , , , , ,1,1, , , , ,13,
Asplenium obovatum,,N,1, , , , , , , ,1, , , , , , , , , , , , , , , ,2,
Asplenium ruta-muraria,,N, , , , ,1, , ,1,1, , ,1, , , , ,1,1, , , , , , ,6,
Asplenium septentrionale,,N, , , , , ,1, , , , , ,1, , ,1, , , ,1, , , , , ,4,
Asplenium trichomanes,,N, , , , ,1,1,1,1,1, ,1,1, , , ,1,1, ,1, , , , , ,10,
Asplenium viride,,N, ,1, , ,1,1, ,1, , ,1,1, , ,1,1, ,1,1, , , , , ,10,
Aster tripolium,,N,1,1, ,1,1,1, , ,1,1,1,1,1,1,1, ,1,1,1, , , ,1, ,16,
Astragalus danicus,,N, ,1, ,1, , , , , , ,1,1,1,1, ,1,1, ,1, , , , ,1,10,
Astragalus glycyphyllos,,N, ,1,1,1, , , , , ,1,1,1, , , ,1,1, ,1, ,1,1, ,1,12,
Athyrium distentifolium,,N, ,1, , , , , , , , , ,1, , , , , , , , , , , , ,2,
Athyrium filix-femina,,N, ,1, , , , , , , , , , , , , , ,1, , , , , , , ,2,
Atriplex glabriuscula,,N,1,1, , ,1, ,1, ,1, , , ,1,1, , ,1, ,1,1, , ,1, ,11,
Atriplex laciniata,,N, ,1, ,1,1, ,1,1,1,1, ,1,1,1, , ,1,1,1,1, , , , ,14,
Atriplex littoralis,,N, , , , , , ,1,1, ,1, ,1, ,1, , , , , ,1, , ,1, ,7,
Atriplex longipes,,N, , , , , ,1, , , ,1,1, ,1, , , , , , ,1, , , , ,5,
Atriplex patula,,N, , , , , , , ,1, , , , , , , , , , , , , , , , ,1,
Atriplex portulacoides,,N,1,1, , , , ,1, ,1, , , ,1,1, , ,1, ,1,1, , , , ,9,
Atriplex praecox,,N, , , , , , , ,1, , , ,1, , , , , ,1, , , , , , ,3,
Atriplex prostrata,,N, , , , ,1, , ,1, , , ,1, ,1, , , , , , , , , , ,4,
Atropa belladonna,,N, , ,1, , , , , , ,1, ,1,1, , ,1, , , ,1, , ,1, ,7,
Baldellia ranunculoides,,N,1, , , , ,1,1,1,1,1, ,1,1, ,1,1,1,1, ,1,1, , , ,14,
Bartsia alpina,,N, , , , , , , , , , ,1, , , , ,1, , , , , , , , ,2,
Berula erecta,,N,1, , ,1, , ,1,1,1,1,1,1,1,1,1,1,1,1,1,1,1,1,1,1,20,
Beta vulgaris,,N, , ,1,1, , , , , , , , , ,1, , , , , ,1, , , , ,4,
Betula nana,,N, ,1, , , , , , , , ,1,1, , , , , , ,1, , , , , ,4,
Betula pubescens,,N, , , , ,1, , , , , , , , , , , , , , , , , , , ,1,
Bidens cernua,,N,1, ,1,1, ,1, , , ,1, , ,1,1,1,1,1, , ,1,1,1,1,1,15,
Bidens tripartita,,N,1, ,1, , ,1, ,1,1,1, , ,1,1,1,1,1, , ,1,1,1,1,1,16,
Blackstonia perfoliata,,N,1, ,1, , ,1,1, ,1,1,1, , , ,1,1,1, , ,1,1,1,1,1,15,
Blechnum spicant,,N,1, , , , , ,1, , , ,1, , ,1, ,1,1, , , ,1,1, ,1,9,
Blysmus compressus,,N, , ,1,1, , , , , ,1,1, ,1, , ,1,1, ,1,1, , , ,1,10,
Blysmus rufus,,N,1,1, ,1,1, , ,1, , , ,1, , , , , ,1, ,1, , , , ,8,
Bolboschoenus maritimus,,N,1,1,1, , ,1, ,1,1, ,1,1,1,1,1, ,1,1, ,1, , ,1,1,16,
Botrychium lunaria,,N,1,1,1,1,1,1,1,1, ,1,1,1,1, ,1,1,1,1,1, ,1,1, ,1,20,
Brachypodium pinnatum,,N, , , , , ,1, , , , ,1, , ,1, , , , , ,1, , , ,1,5,
Brachypodium sylvaticum,,N, ,1, ,1,1, ,1, , , ,1, , , , , , , , ,1, ,1, , ,7,
Brassica nigra,,NA, , , , , ,1, , , , , , , , , , , , , ,1, , ,1, ,3,
Brassica oleracea,,NA, , , , , , , , ,1,1,1, , , , , , , , , , , , , ,3,
Brassica rapa,,AR, , ,1, , , , , , , , , , , , , , , , , , , , , ,1,
Briza media,,N,1,1, ,1,1,1,1, ,1,1,1,1,1, ,1,1,1, ,1,1,1,1,1, ,19,
Briza minor,,AR, , , , , , , , ,1,1, , ,1, , , , , , , , , , , ,3,
Bromopsis benekenii,,N, , ,1, , , , , , , , , , , ,1,1, , , ,1,1, , , ,5,
Bromopsis erecta,,N, , , , , , , , ,1, ,1, ,1,1,1, ,1, , ,1,1,1, , ,9,
Bromopsis ramosa,,N,1,1, ,1, ,1, ,1, , ,1,1, ,1,1,1, ,1, ,1,1,1,1, ,15,
Bromus commutatus,,N, , ,1, , , ,1, ,1,1, , ,1, , ,1, , , ,1, , ,1, ,8,
Bromus hordeaceus,,N, , , , , , , ,1,1,1, , ,1, , , , ,1, , , , , , ,5,
Bromus racemosus,,N, , ,1, ,1,1,1, ,1,1, , ,1, ,1, ,1, , ,1,1,1,1, ,13,
Bromus secalinus,,AR, , , , , , , , , , , , , , , , ,1, , , , , , , ,1,
Bryonia dioica,,N, , , , , , , , , , , , , , , , , , , ,1, , , , ,1,
Bupleurum tenuissimum,,N, , , , , , , , , ,1,1, ,1, , , ,1, , , , , , ,1,5,
Butomus umbellatus,,N, , ,1, , , , , , ,1,1, ,1,1,1,1,1, , ,1,1,1,1,1,13,
Cakile maritima,,N, ,1, ,1,1,1, ,1,1,1,1,1,1,1, , ,1,1,1,1, , , , ,15,
Calamagrostis canescens,,N, , ,1, , , ,1, , , , , ,1,1, ,1,1, ,1,1,1,1, , ,10,
Calamagrostis epigejos,,N,1, ,1, , ,1,1, , , ,1,1, ,1, , , ,1, ,1, ,1,1,1,12,
Calamagrostis scotica,,NE, , , , ,1, , , , , , , , , , , , , , , , , , , ,1,
Calamagrostis stricta,,N, , , , ,1, , , , , , , , , , ,1,1, , , , , , , ,3,
Callitriche brutia,,N, , , , , , , , , ,1, , ,1, , , , ,1, ,1, , , , ,4,
Callitriche hamulata,Callitriche brutia subsp. hamulata,N, , , ,1, , ,1,1, ,1, , ,1, ,1, ,1, ,1,1, ,1,1,1,12,
Callitriche hermaphroditica,,N, , , ,1, , ,1,1, , , ,1, , ,1, , , ,1,1,1, , ,1,9,
Callitriche obtusangula,,N,1, , , , ,1, , , , , , ,1, ,1, , , , ,1, ,1,1,1,8,
Callitriche platycarpa,,N, , , , , ,1, , , , , , ,1, ,1, , , , ,1, ,1, ,1,6,
Callitriche stagnalis,,N, , , , ,1, , , , , , , , , , , , , , , , , , , ,1,
Callitriche truncata,,N, , , , , , , , , ,1, , , , , , , , , , , , , , ,1,
Calluna vulgaris,,N, ,1, , , , , , ,1, ,1, , ,1, ,1,1, , , ,1, , ,1,8,
Caltha palustris,,N, ,1, , , , , , ,1, ,1, , ,1,1,1, , , , , , ,1, ,7,
Calystegia soldanella,,N,1, , , , ,1, , ,1,1, , ,1, , , ,1, , ,1, , , , ,7,
Campanula glomerata,,N, , ,1, , , , , , ,1,1, ,1,1, ,1,1, ,1, , , ,1,1,10,
Campanula latifolia,,N, , , ,1, , , , , , ,1,1, ,1,1,1, , ,1,1,1,1, ,1,11,
Campanula patula,,N, , , , , , , , , , ,1, , , ,1, , , , , , , , ,1,3,
Campanula rotundifolia,,N, ,1,1, ,1, , , , ,1,1, ,1,1,1,1,1,1,1,1, , ,1, ,14,
Campanula trachelium,,N, , , , , , ,1, , ,1, , ,1,1,1,1,1, , , ,1,1,1, ,10,
Cardamine amara,,N, ,1,1,1, , , ,1, , ,1, ,1,1,1,1,1, ,1, ,1,1,1,1,15,
Cardamine bulbifera,,N, , , , , , , , , , , , , , , , , , , , , , ,1, ,1,
Cardamine impatiens,,N, , , , , , , , , , ,, ,1, ,1,1, , , , ,1,1,1,1,7,Durham deleted as no recent records
Cardamine pratensis,,N, ,1, , , , , , , , , , , ,1, , , , , , , , , , ,2,
Carduus crispus,,N, , , , , , , ,1, , , ,1, , , ,1, , , ,1, , , , ,4,
Carduus nutans,,N, , , , , , , , , , , , , , , ,1, , ,1, , , ,1, ,3,
Carduus tenuiflorus,,N, , , ,1, , , , , , , ,1,1, , , ,1, ,1, , , ,1, ,6,
Carex acuta,,N,1, , ,1, ,1,1, , ,1,1, ,1,1,1,1,1, ,1,1,1,1,1,1,17,
Carex acutiformis,,N,1,1, ,1,1,1, ,1, , , ,1, ,1,1, , , , ,1, , ,1, ,11,
Carex appropinquata,,N, , , , , , , , , , , , , , , , ,1, , , , , , , ,1,
Carex aquatilis,,N, ,1, , ,1,1, , , , ,1,1, , , , , , ,1, , , , , ,6,
Carex arenaria,,N,1,1, ,1,1,1, ,1,1,1,1,1,1,1, , ,1,1, ,1, , , , ,15,
Carex atrata,,N, ,1, , , , , , , , , ,1, , , , , , , , , , , , ,2,
Carex bigelowii,,N, ,1, , ,1,1, ,1, , ,1,1, , ,1,1, ,1,1, , , , , ,10,
Carex binervis,,N, ,1, , ,1, ,1, ,1, , , , , , , ,1, ,1,1,1,1, ,1,10,
Carex capillaris,,N, ,1, , ,1, , , , , ,1,1, , , ,1, , , , , , , , ,5,
Carex caryophyllea,,N,1,1,1,1, , ,1,1,1,1, , ,1, ,1,1,1,1,1,1,1,1,1,1,19,
Carex curta,Carex canescens,N,1,1,1,1, ,1,1,1,1,1, ,1,1, ,1,1,1,1,1,1,1,1,1,1,21,
Carex diandra,,N,1,1, ,1, , , ,1, ,1,1,1,1, , ,1,1,1, , , , , , ,11,
Carex digitata,,N, , , , , , , , , , , , , , , ,1, , , , ,1, , , ,2,
Carex dioica,,N,1,1, ,1, ,1, ,1, ,1, , ,1, ,1,1,1, ,1,1,1, , , ,13,
Carex distans,,N,1,1, ,1, ,1,1,1,1,1, ,1,1,1,1, ,1,1,1,1, , ,1,1,18,
Carex disticha,,N,1, , ,1, , ,1,1, ,1,1, ,1,1, ,1,1, ,1,1,1,1,1,1,16,
Carex divisa,,N, , , , , , , , , ,1, , ,1, , , ,1, , , , , , , ,3,
Carex divulsa,,N, , , , , , , , , , , , , , , , , , , ,1, , , , ,1,
Carex echinata,,N,1,1, , ,1, ,1, ,1,1,1, ,1,1, , ,1, ,1,1,1,1,1,1,16,
Carex elata,,N, , , , , , ,1, , , , , ,1,1, ,1,1, , , ,1, , , ,6,
Carex elongata,,N, , ,1, , , ,1, , ,1, , ,1, ,1,1, , , , ,1, , ,1,8,
Carex ericetorum,,N, , , , , , , , , , ,1, , ,1, ,1,1, , , , , , , ,4,
Carex extensa,,N,1,1, ,1, ,1,1,1,1,1, ,1,1,1, , ,1,1, ,1, , , , ,14,
Carex flacca,,N, ,1, ,1, , , , ,1, ,1, , , ,1, ,1, , , , , , , ,6,
Carex hirta,,N, , , , , , , ,1, , , , , , , , , , , , , , , , ,1,
Carex hostiana,,N,1,1, ,1, ,1,1, ,1,1, ,1,1,1,1,1,1, ,1,1,1,1, ,1,18,
Carex humilis,,N, , , , , , , , , ,1, , ,1, , , , , , , , , , , ,2,
Carex lachenalii,,N, ,1, , , , , , , , , , , , , , , , , , , , , , ,1,
Carex laevigata,,N, ,1,1,1, ,1,1,1,1,1,1,1,1,1,1,1,1,1,1,1,1,1,1,1,22,
Carex lasiocarpa,,N,1, , ,1,1,1, ,1, ,1, ,1,1, ,1,1,1,1,1, ,1, , , ,14,
Carex limosa,,N,1, , ,1,1,1, ,1, ,1, ,1,1, ,1,1, ,1,1, , , , , ,12,
Carex magellanica,,N, , , , , ,1, , , , , , , , ,1, , , ,1, , , , , ,3,
Carex maritima,,N, ,1, , ,1, , , , , , ,1, , , , , , , , , , , , ,3,
Carex montana,,N, , , , , ,1, , , , , , ,1, , , , , , , ,1, , ,1,4,
Carex muricata,,N, , , ,1, , , , , ,1, , ,1, , ,1,1, ,1,1,1,1, ,1,10,
Carex nigra,,N, ,1, , , , , , ,1, , , ,1,1, , ,1, , , ,1, ,1,1,8,
Carex otrubae,,N,1,1, ,1, ,1, ,1, , ,1,1, ,1,1, ,1,1,1,1, ,1, , ,14,
Carex ovalis,Carex leporina,N, , , , , , , , , , , , , , , , ,1, ,1, , , , , ,2,
Carex pallescens,,N,1,1, ,1, ,1,1,1,1,1,1,1,1,1,1,1,1,1,1,1,1,1,1,1,22,
Carex panicea,,N, ,1, , , , , , ,1,1,1, ,1,1,1, ,1, ,1, ,1,1,1,1,13,
Carex paniculata,,N,1,1, ,1,1,1, ,1,1,1,1,1, ,1,1,1,1,1,1,1,1,1,1,1,21,
Carex pauciflora,,N, ,1, , ,1, , ,1, , , , , , , , , ,1,1, , , , , ,5,
Carex pendula,,N, , , ,1, , , ,1, , , , , ,1, , , , , , , , ,1, ,4,
Carex pilulifera,,N, ,1, , , , ,1, ,1, ,1, ,1,1, ,1,1, ,1,1,1,1,1,1,14,
Carex pseudocyperus,,N,1, ,1, , ,1,1, , ,1, , ,1,1,1,1,1, , ,1,1,1,1,1,15,
Carex pulicaris,,N,1,1,1,1,1,1,1, ,1,1, ,1,1,1,1,1,1, ,1,1,1,1, ,1,20,
Carex punctata,,N,1, , , , ,1, , ,1,1, , ,1, , , , , , , , , , , ,5,
Carex rariflora,,N, ,1, , , , , , , , , , , , , , , , , , , , , , ,1,
Carex recta,,N, , , , ,1, , , , , , ,1, , , , , , , , , , , , ,2,
Carex remota,,N, ,1, ,1, , , , , , ,1,1, ,1, ,1,1,1,1, , , ,1, ,10,
Carex riparia,,N,1,1, ,1, ,1, , ,1, , , , ,1,1,1, , , ,1, ,1,1, ,11,
Carex rostrata,,N,1,1, , ,1, , ,1,1,1,1,1,1,1,1,1,1, ,1,1,1,1, ,1,18,
Carex rupestris,,N, , , , , , , , , , , ,1, , , , , , , , , , , , ,1,
Carex saxatilis,,N, ,1, , , , , , , , , ,1, , , , , , , , , , , , ,2,
Carex spicata,,N, , , , , , , , , , , , , , , ,1,1, ,1,1,1,1,1, ,7,
Carex strigosa,,N, , , , , , ,1, , ,1, , ,1,1,1,1,1, , ,1,1,1,1,1,12,
Carex sylvatica,,N,1, , , , , ,1,1, , ,1,1, ,1,1, ,1,1,1,1,1,1,1, ,14,
Carex vaginata,,N, ,1, , , , , , , , , ,1, , , , , , , , , , , , ,2,
Carex vesicaria,,N,1,1, ,1, ,1,1,1,1,1, ,1,1,1,1,1,1, ,1, ,1, ,1,1,18,
Carex viridula subsp.brachyrrhyncha,Carex lepidocarpa,N,1, , ,1, ,1, ,1, ,1,1, ,1, ,1,1,1, ,1,1,1, , ,1,14,
Carex viridula subsp.oedocarpa,Carex demissa,N, , , , , , ,1, ,1, ,1, ,1,1,1, ,1, ,1, ,1,1, ,1,11,
Carex viridula subsp.viridula,Carex oederi,N,1, , , , ,1,1,1, , , ,1,1, , , ,1, ,1,1,1, ,1,1,12,
Carlina vulgaris,,N,1,1,1,1, ,1, ,1,1,1,1,1, ,1,1,1,1,1,1,1,1,1,1,1,21,
Carpinus betulus,,N, , , , , , , , , , , , , , , ,1, , , , , , ,1, ,2,
Carum verticillatum,,N, , , , , ,1, ,1,1,1, , ,1, ,1, , , , ,1, , , , ,7,
Catabrosa aquatica,,N,1, , ,1, , , ,1, ,1, ,1,1, , ,1,1,1,1,1,1,1, ,1,14,
Catapodium marinum,,N,1,1, ,1, , ,1, , ,1,1, ,1, ,1, ,1, ,1,1, , ,1, ,12,
Catapodium rigidum,,N,1,1,1,1, , , , , , , , , , ,1,1,1, , ,1,1, ,1, ,10,
Centaurea cyanus,,AR, , , , , , , , , , , ,1, , , ,1, , , , ,1, , , ,3,
Centaurea nigra,,N, , , , , , , , ,1,1,1, , ,1, , , , ,1, , , , , ,5,
Centaurea scabiosa,,N,1, ,1, , ,1, , ,1, ,1, , ,1,1,1,1, ,1, ,1,1,1,1,14,
Centaurium erythraea,,N, , , ,1, , , ,1,1,1,1,1, ,1, ,1, ,1,1, , ,1, , ,11,
Centaurium littorale,,N,1, , , , , , , , , , ,1, , , , , , , ,1, , , , ,3,
Centaurium pulchellum,,N,1, ,1, , ,1,1, ,1,1, , ,1, , , ,1, ,1,1, , ,1,1,12,
Centaurium tenuiflorum,,N, , , , , , , , , ,1, , , , , , , , , , , , , , ,1,
Cephalanthera damasonium,,N, , ,1, , , , , , ,1, , ,1, , , , , , , , , ,1,1,5,
Cephalanthera longifolia,,N, , , , , , , , , , ,1, ,1, ,1, , ,1, , , , , ,1,5,
Cerastium alpinum ,,N, , , , , , , , , , , ,1, , , , , , , , , , , , ,1,
Cerastium arcticum,Cerastium nigrescens,N, ,1, , , , , , , , , ,1, , , , , ,1, , , , , , ,3,
Cerastium arvense,,N,1,1,1,1, , , , , ,1, ,1, , , , ,1, ,1,1, ,1, ,1,11,
Cerastium cerastoides,,N, ,1, , , , , , , , , ,1, , , , , , , , , , , , ,2,
Cerastium diffusum,,N,1,1, , , ,1, ,1,1,1, ,1, , ,1,1,1,1,1,1, ,1,1, ,15,
Cerastium pumilum,,N, , , , , , , , , ,1, , , , , , , , , , , , , , ,1,
Cerastium semidecandrum,,N,1,1, ,1, ,1,1,1,1,1, ,1,1, ,1,1,1, ,1,1, ,1,1,1,18,
Ceratocapnos claviculata,,N,1,1,1,1, ,1,1,1,1,1,1,1,1,1,1,1,1,1,1,1,1,1,1,1,23,
Ceratophyllum demersum,,N, , , , , , , , ,1,1, , , ,1, ,1, , ,1,1, ,1, ,1,8,
Ceratophyllum submersum,,N, , , , , , ,1, , , , , , , , , ,1, , , , , , ,1,3,
Ceterach officinarum,Asplenium ceterach,N, , ,1, , , , ,1,1, , , , , , ,1,1, , ,1, , , , ,6,
Chaenorhinum minus,,AR, , ,1, , , , , ,1, , , , , , ,1,1, ,1,1, , ,1, ,7,
Chaerophyllum temulum,,N, ,1, , , , , ,1, , , , , , , , , , ,1,1, , , , ,4,
Chamaemelum nobile,,N,1, ,1, , , , , ,1,1,1, ,1, , , , , , , , , , ,1,7,
Chenopodium album,,N, , , , , , , ,1, , , , , , , , , , , , , , , , ,1,
Chenopodium hybridum,,AR, , , , , , , , , , , , , , , , ,1, , , , , , , ,1,
Chenopodium murale,,AR, , , , , , , , , , , , , , , , ,1, , , , , , , ,1,
Chenopodium polyspermum,,AR, , , , , , , , , , , , , , , , ,1, , , , , , , ,1,
Chenopodium rubrum,,N, , , , , , , , , , , , , , , , , , , ,1, , , , ,1,
Chenopodium vulvaria,,AR, , , , , , , , , ,1, , , , , , , , , , , , , , ,1,
Chrysanthemum segetum,Glebionis segetum,AR,1,1,1, ,1,1, ,1,1, , , , , ,1,1,1,1,1,1,1,1, ,1,16,
Chrysosplenium alternifolium,,N, ,1,1,1, , ,1, , ,1,1,1,1,1,1,1,1, ,1,1,1,1,1,1,18,
Chrysosplenium oppositifolium,,N, ,1, , , , , , , ,1,1, ,1,1, ,1,1, ,1, , , ,1, ,9,
Cicendia filiformis,,N, , , , , , , , ,1,1, , ,1, , , , , , , , , , , ,3,
Cicuta virosa,,N, , , ,1, , ,1, , , , , , , , , ,1, , , ,1,1, ,1,6,
Circaea alpina,,N, , , , , ,1, ,1, , , , , , ,1, , , , , , , , , ,3,
Circaea lutetiana,,N, , , , , , , , , , , ,1, , , , , ,1,1, , , , , ,3,
Cirsium acaule,,N, , , , , , , , , ,1, , ,1,1,1, ,1, , , ,1,1,1,1,9,
Cirsium dissectum,,N, , ,1, , ,1, , ,1,1, , ,1,1,1,1,1, , , ,1,1,1,1,13,
Cirsium eriophorum,,N, , ,1, , , , , , ,1,1, , , , ,1, , , , ,1, , ,1,6,
Cirsium heterophyllum,,N, ,1, ,1, , , , , , , ,1, , , ,1, ,1,1,1, ,1, , ,8,
Cirsium tuberosum,,N, , , , , , , , , ,1, , , , , , , , , , , , , , ,1,
Cladium mariscus,,N,1, ,1, , , ,1, , ,1, , ,1,1, ,1,1,1, , ,1, , , ,10,
Clinopodium acinos,,N, , ,1, , , , , , ,1, , , ,1, ,1,1, , ,1,1,1, ,1,9,
Clinopodium ascendens,,N,1, ,1, , ,1, , , ,1, , , , ,1,1, , , , ,1, ,1,1,9,
Clinopodium calamintha,,N, , , , , , , , , , , , , , , , ,1, , , , , , , ,1,
Clinopodium vulgare,,N,1,1,1,1, , ,1, , , ,1, , ,1,1,1,1, ,1,1,1,1,1, ,15,
Cochlearia anglica,,N,1, , , , ,1,1, ,1,1, ,1,1, , , ,1, ,1,1, , , , ,10,
Cochlearia danica,,N, ,1, , ,1, , , , , , ,1, , , , , ,1, , , , ,1, ,5,
Cochlearia officinalis,,N, ,1, ,1, , , , , , , , , , , , ,1, ,1,1, , , , ,5,
Cochlearia pyrenaica,,N, ,1, , , , , , , , , , , , , ,1, , ,1,1, , , , ,4,
Coeloglossum viride,,N,1,1,1, ,1,1, , , ,1,1,1,1, , ,1, ,1,1, ,1,1,1,1,16,
Coincya monensis,Coincya monensis subsp. monensis,N, , , , , , , , , , , , , , , , , , , ,1, , , , ,1,
Colchicum autumnale,,N, , ,1, , , , , , ,1, , ,1, ,1,1, , , , ,1, , ,1,7,
Conium maculatum,,AR, , , , , , , ,1, , , , , , , , , , , , , , , , ,1,
Conopodium majus,,N, , , ,1, , , , ,1,1,1, , ,1,1, ,1, , , , , ,1, ,8,
Convallaria majalis,,N, , , ,1, , , , , , ,1, ,1,1, ,1, , , , ,1,1,1,1,9,
Convolvulus arvensis,,N, , , , , , , , , , , ,1, , , , , , , , , , , , ,1,
Corallorhiza trifida,,N, ,1, ,1, , , , , , , ,1, , , ,1, , ,1, , , , , ,5,
Cornus sanguinea,,N, , , , , , , , , , , , , ,1, , , , , ,1, , , , ,2,
Cornus suecica,,N, ,1, , , , , , , , , ,1, , , , , , , , , , , , ,2,
Coronopus squamatus,Lepidium coronopus,AR, , , , , , , , , , , , , , , , , , , ,1, , , , ,1,
Corylus avellana,,N, ,1, , ,1, , , , , , , , , , , , , ,1, , , , , ,3,
Corynephorus canescens,,N, , , , , , , , , , , , , , , , ,1, , ,1, , , ,1,3,
Crambe maritima,,N,1, , ,1, , , , ,1,1, , ,1, , , ,1, , ,1, , , , ,7,
Crassula tillaea,,N, , , , , , , , , ,1, , ,1, , , ,1, , , , , , , ,3,
Crataegus laevigata,,N, , , , , , , , , , , , , ,1, ,1,1, , , , , ,1, ,4,
Crepis biennis,,N, , , , , , , , , , , , , , , , ,1, , , , , , , ,1,
Crepis capillaris,,N, , , , , , , ,1, , , , , , , , , ,1, , , , , , ,2,
Crepis mollis,,N, , , ,1, , , , , , ,1, , , , ,1, , ,1, , , , , ,4,
Crepis paludosa,,N,1,1, ,1,1,1,1, , , ,1, , , ,1,1, ,1,1,1,1,1, , ,14,
Crithmum maritimum,,N,1, , , , ,1, , ,1, , , , , , , ,1, , ,1, , ,1, ,6,
Cruciata laevipes,,N, , , , , , , , , , , ,1, , ,1, ,1, , ,1, , , ,1,5,
Cryptogramma crispa,,N, ,1, ,1, ,1, ,1, , ,1,1, , ,1,1, ,1,1,1,1, , , ,12,
Cuscuta epithymum,,N, , , , , , , , ,1, , , ,1, , ,1,1, , , , , ,1,1,6,
Cuscuta europaea,,N, , ,1, , , , , , , , , , , , , , , , , , , , ,1,2,
Cynoglossum officinale,,N, , ,1,1, , , , ,1,1, , , , , , ,1, , ,1,1, , ,1,8,
Cyperus fuscus,,N, , ,1, , , , , , , , , ,1, , , , , , , , , , , ,2,
Cyperus longus,,N, , , , , , , , ,1,1, , , , , , , , , , , , , , ,2,
Cypripedium calceolus,,N, , , , , , , , , , ,, , , , ,1, , , , , , , , ,1,
Cystopteris fragilis,,N, , ,1, ,1,1, ,1, , ,1,1, , ,1,1, ,1,1,1,1,1, , ,13,
Cytisus scoparius,,N, , , , , , , , ,1, , , , , , , , , , , , , , , ,1,
Dactylorhiza fuchsii,,N,1,1, ,1, ,1, ,1,1, , ,1, ,1, , ,1,1,1, , ,1, , ,12,
Dactylorhiza incarnata,,N,1,1,1,1,1,1, ,1, ,1,1,1,1,1, ,1,1,1,1,1,1, ,1, ,19,
Dactylorhiza maculata,,N, ,1,1,1, , , , ,1, , , ,1,1,1,1,1, ,1,1,1,1,1,1,15,
Dactylorhiza majalis,,N,1, , , , ,1, , , , , , , , , , , , , , , , , , ,2,
Dactylorhiza praetermissa,,N, , ,1, , ,1, , , ,1,1, ,1,1,1,1,1, ,1,1,1, ,1,1,14,
Dactylorhiza purpurella,,N,1,1, ,1,1,1, ,1, , ,1,1, , ,1,1, ,1,1,1,1,1, , ,15,
Dactylorhiza traunsteineri,Dactylorhiza traunsteinerioides,N,1, ,1, , , , , , ,1,1,1,1, , ,1,1,1, , , , , , ,9,
Danthonia decumbens,,N,1,1,1, , , ,1, ,1,1,1, ,1,1,1,1,1, ,1, ,1,1,1,1,17,
Daphne laureola,,N, , ,1, , , , , , ,1,1, ,1,1,1,1,1, ,1,1,1,1,1, ,13,
Daphne mezereum,,NA, , ,1, , , , , , ,1, , , , , ,1, , , , , , , , ,3,
Daucus carota,,N, , , ,1, , , ,1,1,1,1,1, , , , , ,1,1, , , , , ,8,
Deschampsia cespitosa,,N, , , , , ,1, , , , , , , , , , , ,1, ,1, ,1, , ,4,
Deschampsia flexuosa,,N, , , , , , , , ,1,1,1, , ,1, , ,1, , , ,1, ,1,1,8,
Deschampsia setacea,,N, , , , ,1, , , , ,1, , ,1, , , , ,1, , , , , , ,4,
Descurainia sophia,,AR, , ,1, , , , , , , , , , , , , , , ,1, , , , , ,2,
Dianthus armeria,,N, , ,1, , , , , , ,1, , ,1, , , , , , , , , , ,1,4,
Dianthus deltoides,,N, , ,1,1, , , , , ,1,1, ,1, , , ,1, ,1,1,1, , ,1,10,
Digitalis purpurea,,N, , , , ,1, , , , , , , , , , , , , , , , , , , ,1,
Diphasiastrum alpinum,,N, ,1, ,1, ,1, , , , ,1,1, , ,1,1, ,1,1, , , , , ,9,
Diphasiastrum complanatum,,N, , , , , , , , , , , , , , , , , , ,1, , , , ,1,2,
Dipsacus pilosus,,N, , , , , , ,1, , , , , ,1,1,1,1,1, , , ,1,1,1,1,10,
Draba incana,,N, ,1, , ,1, , , , , ,1, , , , ,1, ,1, , , , , , ,5,
Draba muralis,,N, , , , , , , , , ,, , , , , ,1, , , , , ,1, , ,2,Dorset deleted as not native there
Draba norvegica,,N, , , , , , , , , , , ,1, , , , , ,1, , , , , , ,2,
Drosera anglica,,N, ,1, , , ,1, ,1, ,1, ,1,1, , , ,1,1,1, ,1, , , ,10,
Drosera intermedia,,N, , ,1, ,1,1, , ,1,1, , ,1,1,1, ,1,1, , ,1, , , ,11,
Drosera rotundifolia,,N,1,1,1,1, ,1,1, ,1,1,1, ,1,1,1,1,1, ,1,1,1,1,1,1,20,
Dryas octopetala,,N, ,1, , , , , , , , , ,1, , , ,1, ,1, , , , , , ,4,
Dryopteris aemula,,N,1, , , , ,1, ,1,1,1, , , , ,1, , ,1, , , , ,1, ,8,
Dryopteris affinis,,N, , , , , , , , , , , ,1,1,1, , ,1, , , ,1,1,1,1,8,
Dryopteris carthusiana,,N,1,1, ,1,1,1, ,1,1,1,1, ,1,1,1, ,1, , ,1,1,1,1,1,18,
Dryopteris cristata,,N, , , , , , , , , , , , , , , , ,1, , , , , , , ,1,
Dryopteris dilatata,,N, , , , ,1, , , , , , , , , , , , , , , , , , , ,1,
Dryopteris expansa,,N, ,1, , ,1, , ,1, , ,1,1, , , , , , ,1, , , , , ,6,
Dryopteris oreades,,N, , , , , ,1, ,1, , ,1,1, , ,1,1, ,1,1, ,1, , , ,9,
Dryopteris submontana,,N, , , , , , , , , , ,, , , , ,1, , , , , , , , ,1,Durham deleted as record was for VC65 and probably dubious
Echium vulgare,,N,1, ,1,1, ,1, , , , ,1, , , , ,1,1, ,1,1,1,1, ,1,12,
Elatine hexandra,,N,1, ,1, , ,1, ,1,1,1, ,1,1, ,1, , ,1, , ,1, , , ,11,
Elatine hydropiper,,N,1, , , , , , , , , , , , , , , , , , , , , , ,1,2,
Eleocharis acicularis,,N,1, ,1, , , ,1,1, ,1, , ,1,1,1, , , ,1, ,1, , ,1,11,
Eleocharis austriaca,Eleocharis mamillata subsp. austriaca,N, , , , , , , , , , , , , , , ,1, , ,1,1, , , , ,3,
Eleocharis multicaulis,,N,1,1,1, ,1,1, ,1,1, , ,1,1,1,1, ,1, , , ,1, , ,1,14,
Eleocharis palustris,,N, ,1, , , ,1, , , , , , , ,1,1, ,1, , , , ,1,1, ,7,
Eleocharis parvula,,N, , , , , , , , , , , ,1,1, , , , , , , , , , , ,2,
Eleocharis quinqueflora,,N,1,1,1,1,1,1, ,1,1,1,1, ,1, ,1,1,1, ,1,1,1, , ,1,18,
Eleocharis uniglumis,,N,1,1, , , ,1, ,1,1,1, ,1,1,1,1, ,1,1,1,1, , , ,1,15,
Eleogiton fluitans,,N,1, , , ,1,1,1,1,1, , ,1,1, ,1,1,1, , ,1,1, , ,1,14,
Elymus caninus,,N,1,1, ,1,1,1,1, ,1, ,1,1, ,1,1, ,1,1,1,1,1,1,1, ,18,
Elytrigia atherica,,N,1, , , , ,1,1, ,1, , , , ,1, , , , , ,1, , ,1, ,7,
Elytrigia juncea,,N,1,1, ,1, ,1,1,1,1,1, ,1,1,1, , ,1,1, ,1, , ,1, ,15,
Empetrum nigrum,,N, ,1, , ,1,1, , , , ,1,1, , ,1, , , ,1,1,1,1, , ,10,
Epilobium alsinifolium,,N, ,1, , , , , , , , , , , , , ,1, ,1,1, , , , , ,4,
Epilobium anagallidifolium,,N, ,1, , , , , , , , , ,1, , , , , ,1, , , , , , ,3,
Epilobium hirsutum,,N, , , , , , , ,1, , , , , , , , , , , , , , , , ,1,
Epilobium palustre,,N, ,1, , , , , , ,1, , , ,1,1,1, ,1, ,1, , ,1,1,1,10,
Epilobium parviflorum,,N, ,1, , , , , ,1, , , , , , , , , , , , , , , , ,2,
Epilobium roseum,,N, , , , , , , , , , , , , , , ,1, , , , , , , , ,1,
Epilobium tetragonum,,N, , , , , , , , , , , , , , , , , , , ,1, , , , ,1,
Epipactis atrorubens,,N, ,1, , , , , , , , ,1, , , , ,1, ,1, , , , , , ,4,
Epipactis helleborine,,N,1,1,1, , , ,1, ,1, ,1, , ,1,1,1,1, ,1,1,1,1,1,1,16,
Epipactis leptochila,,N,1, ,1, , , , , , ,1,1, , , , , , , ,1,1, , , , ,6,
Epipactis palustris,,N,1, ,1, , ,1,1, , ,1,1, ,1,1,1,1,1, ,1,1,1, , , ,14,
Epipactis phyllanthes,,N, , ,1, , , , , , ,1, , ,1, , ,1,1, ,1,1,1, ,1,1,10,
Epipactis purpurata,,N, , ,1, , , , , , ,1, , ,1, , , , , , , ,1, ,1,1,6,
Equisetum fluviatile,,N, ,1, , ,1, , , ,1, , , ,1,1, , ,1, ,1, ,1, , ,1,9,
Equisetum hyemale,,N, ,1, , , , , , , , , ,1,1, , ,1,1,1, ,1, , , ,1,8,
Equisetum palustre,,N,1, , , , ,1, ,1,1,1, , ,1,1, , , , ,1, , ,1,1, ,10,
Equisetum pratense,,N, ,1, , ,1, , , , , ,1,1, , , , , ,1,1, , , , , ,6,
Equisetum sylvaticum,,N, ,1,1,1, ,1, ,1, ,1,1,1,1, ,1, ,1, ,1, ,1,1,1,1,16,
Equisetum telmateia,,N, , ,1,1,1, , ,1,1, , , ,1,1, , ,1,1,1,1, ,1, ,1,13,
Equisetum variegatum,,N,1,1,1, ,1,1, , , ,1,1,1, , , ,1, ,1,1,1, , , , ,12,
Erica ciliaris,,N, , , , , , , , ,1,1, , , , , , , , , , , , , , ,2,
Erica cinerea,,N,1,1, , , , , , ,1, ,1, , ,1,1,1,1, , ,1,1,1,1,1,13,
Erica tetralix,,N,1,1,1,1, ,1, , ,1, ,1, , ,1,1, ,1, ,1,1,1,1,1,1,16,
Erica vagans,,N, , , , , , , , ,1, , , , , , , , , , , , , , , ,1,
Erigeron acer,Erigeron acris,N,1, ,1, , ,1, , , ,1,1, , ,1,1,1,1, ,1,1,1, ,1,1,14,
Eriocaulon aquaticum,,N, , , , , , , , , , , , , , , , , ,1, , , , , , ,1,
Eriophorum angustifolium,,N,1,1,1, , , ,1, ,1, ,1, ,1,1,1, ,1, ,1,1,1,1,1,1,16,
Eriophorum gracile,,N, , , , , , , , , , , , ,1, , , , , , , , , , , ,1,
Eriophorum latifolium,,N,1,1, ,1,1,1, ,1, ,1,1,1,1, , ,1,1,1,1,1,1, , ,1,17,
Eriophorum vaginatum,,N, ,1,1, , ,1,1, ,1,1,1, ,1, ,1, ,1, ,1,1,1,1, , ,14,
Erodium cicutarium,,N, , , ,1,1,1,1,1, ,1, ,1, ,1,1, , ,1, ,1, , , , ,11,
Erodium lebelii,,N,1, , , , , , , , , , , , , , , , , , ,1, , , , ,2,
Erodium maritimum,,N, , , , , ,1, , ,1,1, , ,1, , , , , , ,1,1, , , ,6,
Erodium moschatum,,AR, , , , , , , , ,1,1, , , , , , , , , , , , , , ,2,
Erophila glabrescens,,N, , , , , , , ,1, , , , , , , ,1, , , ,1, , , , ,3,
Erophila majuscula,,N, , , , , , , , , , , , , , , , , , , , , ,1, ,1,2,
Erophila verna,,N, , , , ,1, , , , , , , , , , ,1, ,1, ,1, ,1,1, ,6,
Eryngium maritimum,,N,1, , , , ,1,1,1,1,1, , ,1, , , ,1, , ,1, , , , ,9,
Euonymus europaeus,,N,1, , ,1, , ,1, , ,1,1, , ,1,1,1, , , , ,1,1,1, ,11,
Eupatorium cannabinum,,N, , , ,1, , , ,1, , , ,1, ,1, , , ,1,1, , ,1, , ,7,
Euphorbia amygdaloides,,N, , ,1, , ,1, , ,1,1, , , ,1,1, ,1, , , ,1,1,1, ,10,
Euphorbia exigua,,AR,1, , , , ,1, , ,1,1, , ,1, ,1, ,1, , ,1, , , ,1,9,
Euphorbia helioscopia,,AR, , ,1, , , , ,1, , , , , , , , , , , , , , , , ,2,
Euphorbia paralias,,N,1, , , , ,1,1, ,1,1, , ,1, , , ,1, , ,1, , , , ,8,
Euphorbia peplus,,AR, , , , , , , ,1, , , , , , , , , , , , , , , , ,1,
Euphorbia platyphyllos,,AR, , , , , , , , , ,1, , ,1, , , , , , , , , , , ,2,
Euphorbia portlandica,,N,1, , , , ,1,1, ,1,1, , ,1, , , , , , ,1, , , , ,7,
Euphrasia anglica,Euphrasia officinalis subsp. anglica,NE, , , , , ,1, , ,1,1, , ,1, ,1, ,1, , , , ,1,1,1,9,
Euphrasia arctica,,N, , , , ,1, , , , , ,1, ,1, ,1, , , ,1, ,1,1, ,1,8,
Euphrasia confusa,,N, , , , , , , , ,1,1, , ,1, ,1, ,1, ,1,1, ,1, ,1,9,
Euphrasia foulaensis,,N, ,1, , ,1, , , , , , ,1, , , , , , , , , , , , ,3,
Euphrasia frigida,,N, ,1, , , , , , , , , ,1, , , , , , , , , , , , ,2,
Euphrasia micrantha,,N, , , ,1, ,1, , ,1,1, , ,1, , ,1, , ,1, , , , , ,7,
Euphrasia nemorosa,,N, , , , , , ,1, ,1, , , , , ,1, ,1, ,1, ,1,1,1,1,9,
Euphrasia officinalis agg.,,N,1,1, ,1,1,1,1, ,1,1,1,1,1,1,1,1,1, ,1,1,1,1,1,1,21,
Euphrasia ostenfeldii,,N, , , , , , , , , , ,1, , , , , , , , , , , , , ,1,
Euphrasia pseudokerneri,,NE, , , , , ,1, , , ,1, , ,1, , , ,1, , , , , ,1, ,5,
Euphrasia rostkoviana,,N, , , , , ,1, , , , ,1, , , ,1,1, , ,1, , , , , ,5,
Euphrasia scottica,,N, , , ,1, ,1, , , , , , , , , ,1, , ,1, , , , , ,4,
Euphrasia tetraquetra,,N,1,1, ,1, ,1, , ,1,1, , ,1, , , , , , ,1, , , , ,8,
Euphrasia vigursii,,NE, , , , , , , , ,1, , , , , , , , , , , , , , , ,1,
Fallopia convolvulus,,AR, , , , , ,1, ,1, , , , , , , , , , , , , , , , ,2,
Fallopia dumetorum,,N, , , , , , , , , ,1, , , , , , , , , , , , ,1, ,2,
Festuca altissima,,N, ,1, , , ,1, , , , ,1,1, , ,1, , , ,1,1,1, , ,1,9,
Festuca arenaria,,N, , , , , ,1, , , ,1,1,1,1, , , ,1, ,1,1, , , , ,8,
Festuca filiformis,,N, , , ,1, , , , , ,1, , ,1, , , , , ,1,1, , ,1,1,7,
Festuca gigantea,Schedonorus giganteus,N, ,1, , ,1, ,1,1, ,1,1,1, ,1, , ,1, ,1, , ,1,1, ,12,
Festuca ovina,,N, , , , ,1, , , ,1, , , , ,1, , ,1, , , , , ,1, ,5,
Festuca pratensis,Schedonorus pratensis,N, , , ,1,1,1, , , ,1, , , , , , ,1, , ,1, ,1,1, ,8,
Festuca rubra,,N, , , , ,1,1, , , , , , ,1, , , , , , ,1, , , , ,4,
Festuca vivipara,,N, ,1, , ,1,1, , , , ,1, , , ,1,1, , ,1, , , , , ,7,
Filago lutescens,,NA, , , , , , , , , , , , , , , , ,1, , , , , , , ,1,
Filago minima,,N,1,1,1,1, , ,1, , ,1, ,1,1,1,1,1,1, ,1,1,1,1, ,1,17,
Filago pyramidata,,AR, , ,1, , , , , , , , , , , , , , , , , , , , , ,1,
Filago vulgaris,,N, , ,1,1, ,1,1, ,1,1,1, , , , ,1, , ,1,1,1,1, ,1,13,
Filipendula ulmaria,,N, , , , ,1, , , , ,1, , , , , , , , , , , , , , ,2,
Filipendula vulgaris,,N,1, ,1, , , , , ,1,1,1, ,1,1,1,1,1, ,1,1,1,1, ,1,15,
Fragaria vesca,,N, ,1, , ,1, , ,1, , , , , ,1, , , ,1,1,1, ,1, , ,8,
Frangula alnus,,N, , , , , , ,1, ,1,1, ,1, ,1,1,1,1, , ,1,1,1,1,1,13,
Frankenia laevis,,N, , , , , , , , , , , , , , , , ,1, , , , , , , ,1,
Fumaria bastardii,,N, , , , , , , ,1,1,1, ,1, , , , , , ,1,1, , , ,1,7,
Fumaria capreolata,,N,1,1, , , , , ,1,1, , ,1, , , , , , ,1,1, , , , ,7,
Fumaria densiflora,,AR, , ,1, , , , , , ,1, , ,1, , , ,1, , , , , , , ,4,
Fumaria muralis,,N, , , , , , , ,1, ,1, , , , , , , , , , , , ,1, ,3,
Fumaria occidentalis,,NE, , , , , , , , ,1, , , , , , , , , , , , , , , ,1,
Fumaria officinalis,,AR, , , , , ,1, ,1, , , , ,1, , , , , , ,1, , , , ,4,
Fumaria parviflora,,AR, , ,1, , , , , , ,1, , ,1, , , ,1, , , , , , , ,4,
Fumaria purpurea,,NE, , , , , , , , ,1, , ,1, , , , , , , ,1, , , , ,3,
Fumaria vaillantii,,AR, , ,1, , , , , , ,1, , ,1, , , , , , , , , , ,1,4,
Gagea lutea,,N, , ,1, , , , , , ,1,1, ,1,1, ,1,1, ,1,1,1, , ,1,11,
Galeopsis angustifolia,,AR, , ,1, , , , , , ,1,1, ,1, , , ,1, ,1, ,1, , ,1,8,
Galeopsis bifida,,N, ,1, , , , , , , , , ,1, , , , , , , ,1, , , , ,3,
Galeopsis speciosa,,AR, ,1, , , ,1, ,1, , , ,1, , ,1, ,1, ,1,1,1,1, ,1,11,
Galeopsis tetrahit,,N, ,1, , , , , , , , , , , , , , , ,1, , , , , , ,2,
Galium boreale,,N, ,1, ,1,1, , ,1, , ,1,1, , , ,1, ,1,1, , , , , ,9,
Galium constrictum,,N, , , , , , , , , , , , ,1, , , , , , , , , , , ,1,
Galium mollugo,,N, , , ,1, , , , , , , ,1, , , ,1, , , ,1, , , , ,4,
Galium odoratum,,N,1,1, ,1, ,1,1,1,1,1,1,1,1,1,1,1,1,1,1,1,1,1,1, ,21,
Galium palustre,,N, ,1, ,1, ,1, , , , , , , ,1, , , , ,1,1, , , , ,6,
Galium parisiense,,NA, , ,1, , , , , , , , , , , , , ,1, , , , , , , ,2,
Galium pumilum,,N, , ,1, , , , , , , , , ,1, , , , , , , , , , , ,2,
Galium saxatile,,N, , , , , , , , ,1,1,1, ,1,1, , ,1, , , , , , ,1,7,
Galium sterneri,,N, ,1, ,1, , , , , , , , , , , , , , ,1,1, ,1, , ,5,
Galium uliginosum,,N,1,1, ,1, ,1, , ,1,1, , ,1,1,1, ,1, ,1,1,1,1, ,1,15,
Galium verum,,N,1,1, , ,1,1, ,1,1,1, , , ,1,1,1, ,1,1,1, , ,1, ,14,
Gastridium ventricosum,,NA, , , , , , , , , ,1, , ,1, , , , , , , , , , , ,2,
Genista anglica,,N,1,1,1,1, ,1, , ,1,1,1,1,1,1,1,1,1, ,1,1,1, ,1,1,19,
Genista pilosa,,N, , , , , , , , ,1, , , , , , , , , , , , , , , ,1,
Genista tinctoria,,N, , ,1, , ,1,1, ,1,1,1, ,1,1,1,1,1, ,1,1,1,1,1,1,17,
Gentiana pneumonanthe,,N,1, , , , , , , , ,1, , ,1, , ,1,1, , ,1,1, , , ,7,
Gentiana verna,,N, , , , , , , , , , ,1, , , , , , , , , , , , , ,1,
Gentianella amarella,,N,1,1,1, ,1, ,1, ,1,1,1,1,1,1,1,1,1, ,1,1,1,1,1,1,20,
Gentianella anglica,,NE, , ,1, , , , , , ,1, , ,1,1, , , , , , , , , ,1,5,
Gentianella campestris,,N,1,1,1, ,1,1, ,1, , , ,1,1, , ,1,1,1,1,1, , , , ,13,
Gentianella germanica,,N, , ,1, , , , , , , , , ,1, , , , , , , , , , , ,2,
Geranium columbinum,,N,1, ,1,1, ,1, , , ,1, , , , ,1,1,1, ,1, ,1,1,1,1,13,
Geranium dissectum,,AR, , , , , , , ,1, , , , , , , , , ,1, , , , , , ,2,
Geranium lucidum,,N, ,1,1, , , , ,1, , , ,1, , , , , , ,1, , , , , ,5,
Geranium molle,,N, , , , , , , ,1, , , , , , , , , ,1, , , , , , ,2,
Geranium pratense,,N, , , , , , , ,1, ,1,1,1,1, , ,1, , ,1, , ,1, , ,8,
Geranium purpureum,,N, , , , , , , , ,1,1, , ,1, , , , , , , , , , , ,3,
Geranium pusillum,,N, , , ,1, , , , , , , ,1, , , , , , ,1,1, , ,1, ,5,
Geranium robertianum,,N, , , , ,1, , , , , , , , , , , , , , , , , , , ,1,
Geranium rotundifolium,,N, , ,1, , , , , , , , , , , , , , , , , , , ,1, ,2,
Geranium sanguineum,,N,1, ,,1,1, ,1,1,1, ,1,1, ,1,1,1, , ,1,1,1, , , ,14,Berkshire deleted as neophyte there
Geranium sylvaticum,,N, ,1,1,1, , , , , , ,1,1, , ,1,1, , ,1,1,1, , ,1,11,
Geum rivale,,N,1,1,1,1, ,1,1,1,1,1,1, ,1,1,1, ,1, ,1,1,1,1, ,1,19,
Geum urbanum,,N, ,1, , , , ,1, , , , , , , , , , ,1, , , , , , ,3,
Gladiolus illyricus,,N, , , , , , , , , , , , ,1, , , , , , , , , , , ,1,
Glaucium flavum,,N,1, , ,1, ,1, , ,1,1, , ,1, , , ,1, , ,1, , ,1, ,9,
Glaux maritima,,N, ,1, ,1,1,1, , ,1, ,1,1,1,1,1, ,1, ,1,1, , ,1, ,14,
Glechoma hederacea,,N, , , , , , , , , , , , , , , , , ,1, , , , , , ,1,
Glyceria declinata,,N, , , , , , , , , ,1, ,1,1, , , ,1,1, , , ,1,1, ,7,
Glyceria fluitans,,N, , , , ,1, , , , , , , , , , , , , , , , , , , ,1,
Glyceria maxima,,N, ,1, , , , , , , , , , , , , , , , , , , , , , ,1,
Glyceria notata,,N, , , , , , , , , , , , ,1, , , ,1, , ,1, , ,1, ,4,
Gnaphalium luteoalbum,,NA, , , , , , , , , ,1, , , , , , , , , , , , , , ,1,
Gnaphalium norvegicum,,N, , , , , , , , , , , ,1, , , , , , , , , , , , ,1,
Gnaphalium supinum,,N, ,1, , , , , , , , , ,1, , , , , ,1, , , , , , ,3,
Gnaphalium sylvaticum,,N, ,1, ,1, , , , , , ,1,1,1,1, ,1,1,1,1,1,1, ,1,1,14,
Goodyera repens,,N, ,1, ,1,1, , , , , , ,1, , , , , , ,1, , , , , ,5,
Groenlandia densa,,N, , , , , , , , , ,1,1, ,1, , ,1,1, ,1, , , , ,1,7,
Gymnadenia conopsea,,N,1,1,1,1, ,1, ,1,1,1,1,1,1, ,1,1,1,1,1,1,1,1, ,1,20,
Gymnocarpium dryopteris,,N, ,1, ,1, ,1, ,1, , ,1,1, , ,1,1, ,1,1,1,1, , ,1,13,
Gymnocarpium robertianum,,N, , , , , ,1, , , , ,1, , , , ,1, , , ,1, , , , ,4,
Hammarbya paludosa,,N, , , , ,1,1, , , ,1,1,1,1, , , ,1,1,1, , , , , ,9,
Helianthemum nummularium,,N,1,1,1,1, , , , , ,1,1,1,1,1,1,1,1, ,1,1,1,1,1,1,18,
Helictotrichon pratense,Avenula pratensis,N, ,1,1,1, , , ,1, , , ,1,1, , ,1,1, ,1,1, ,1,1,1,13,
Helictotrichon pubescens,Avenula pubescens,N,1,1,1,1, ,1,1,1,1,1, ,1,1, ,1, ,1,1,1,1,1,1,1,1,20,
Helleborus foetidus,,N, , , , , , , , , ,1,1, , , , ,1, , , , ,1, , , ,4,
Helleborus viridis,,NA, , , , , , , , , ,1,1, ,1, , ,1,1, , ,1, , ,1, ,7,
Heracleum sphondylium,,N, , , , ,1, , , , , , , , , , , , , , , , , , , ,1,
Herminium monorchis,,N, , ,1, , , , , , ,1, , ,1, , , , , , , , , , , ,3,
Herniaria ciliolata,,N, , , , , , , , ,1, , , , , , , , , , , , , , , ,1,
Herniaria glabra,,N, , , , , , , , , , , , , , , , ,1, , ,1, , , , ,2,
Hierochloe odorata,,N, , , , ,1, , , , , , , , , , , , , ,1, , , , , ,2,
Himantoglossum hircinum,,N, , ,1, , , , , , ,1, , , , , , , , , , , , , , ,2,
Hippocrepis comosa,,N, , ,1, , , , , , ,1, , ,1,1, ,1,1, , , , , ,1,1,8,
Hippophae rhamnoides,,N, , , , , , , , , , ,1, , ,1, , , , , , , , , , ,2,
Hippuris vulgaris,,N,1,1,1,1,1, ,1, , ,1,1,1,1,1, ,1,1,1,1,1, ,1,1,1,19,
Holcus mollis,,N, , , , , , , , , , , , , , , , , , , , , , ,1, ,1,
Honckenya peploides,,N, ,1, ,1,1,1, ,1,1,1,1,1,1,1, , ,1,1,1,1, , ,1, ,16,
Hordelymus europaeus,,N, , ,1, , , , , , , ,1, ,1, ,1,1, , ,1, ,1, , ,1,8,
Hordeum marinum,,N, , , , , , , , , , , , ,1, , , ,1, , , , , , , ,2,
Hordeum secalinum,,N, , ,1, , , ,1, , ,1, , , , , , ,1, , ,1,1,1,1, ,8,
Hornungia petraea,,N, , , , , , , , , , , , , , , ,1, , , , , ,1, , ,2,
Hottonia palustris,,N, , ,1, , , ,1, , , ,1, , ,1,1,1,1, , ,1,1,1,1, ,11,
Huperzia selago,,N,1,1, ,1,1,1, ,1,1, ,1, , , ,1,1, , ,1,1,1, , , ,13,
Hyacinthoides non-scripta,,N,1,1, ,1, , , , , ,1,1,1, ,1, ,1,1, ,1, ,1, ,1, ,12,
Hydrocharis morsus-ranae,,N, , , , , , ,1, , , ,1, ,1,1,1,1,1, , ,1,1, , ,1,10,
Hydrocotyle vulgaris,,N,1,1, ,1, ,1,1, ,1,1,1, ,1,1,1, ,1,1,1,1,1,1,1,1,19,
Hymenophyllum tunbrigense,,N, , , , , ,1, ,1,1, , , , , ,1, , ,1,1, , , ,1, ,7,
Hymenophyllum wilsonii,,N, , , , , ,1, ,1,1, , ,1, , ,1,1, ,1,1, ,1, , , ,9,
Hyoscyamus niger,,AR, , , , , , , , ,1, , , , , , , ,1, , ,1, , , , ,3,
Hypericum androsaemum,,N, , , , , , , , ,1,1, , , , , , , ,1, ,1, , ,1, ,5,
Hypericum elodes,,N,1, ,1, , ,1, ,1,1,1, , ,1, ,1, ,1, , , ,1, , , ,10,
Hypericum hirsutum,,N, ,1, ,1, , ,1, , , , , , ,1, , ,1, ,1,1, ,1, , ,8,
Hypericum humifusum,,N, , , , , , , ,1, ,1, ,1, ,1, ,1,1,1,1,1,1,1,1, ,12,
Hypericum maculatum,,N, , , , , , , , ,1,1,1,1, , , , ,1, ,1,1, , ,1, ,8,
Hypericum montanum,,N,1, ,1, , , , , , ,1,1, ,1, ,1, ,1, , ,1,1, , ,1,10,
Hypericum perforatum,,N, , , , ,1, , ,1, , , ,1, ,1, , , , ,1, , , , , ,5,
Hypericum pulchrum,,N, , , , , , , , , , ,1, , ,1,1,1,1, ,1,1,1,1,1, ,10,
Hypericum tetrapterum,,N, ,1, , , , , , ,1, , ,1, ,1, , , ,1,1,1, ,1, , ,8,
Hypericum undulatum,,N, , , , , ,1, , ,1, , , , , , , , , , , , , , , ,2,
Hypochaeris glabra,,N,1, ,1, , ,1, , , ,1, , ,1, , , ,1, , ,1,1, , ,1,9,
Hypochaeris radicata,,N, , , , , , , , , , , , , ,1, , , , , , , , , , ,1,
Iberis amara,,N, , ,1, , , , , , , , , ,1, , , , , , , , , , , ,2,
Ilex aquifolium,,N, , , , , , , , , , , , , , , , , , , , , , ,1, ,1,
Illecebrum verticillatum,,N, , ,1, , , , , ,1,1, , ,1, , , , , , , , , , , ,4,
Impatiens noli-tangere,,N, , , , , , , , , , , , , , ,1, , , , , ,1, , , ,2,
Inula conyzae,,N,1, ,1, , , ,1, , ,1, , ,1, ,1,1,1, , ,1,1,1,1,1,13,
Inula crithmoides,,N,1, , , , , , , ,1,1, , ,1, , , , , , , , , , , ,4,
Iris foetidissima,,N, , , , , , , , , , , , , , , , , , , , , , ,1, ,1,
Iris pseudacorus,,N, ,1, ,1, , , , ,1, , , , ,1, , , , , , , , , , ,4,
Isoetes echinospora,,N, , , , ,1,1, , , ,1, , , , ,1, , ,1, , , , , , ,5,
Isoetes histrix,,N, , , , , , , , ,1, , , , , , , , , , , , , , , ,1,
Isoetes lacustris,,N, ,1, , ,1,1, ,1, , , ,1, , ,1, , ,1, , , , , , ,7,
Isolepis cernua,,N,1, , , , ,1, ,1,1,1, , ,1, ,1, ,1,1, , , , , , ,9,
Isolepis setacea,,N,1,1, ,1, , ,1,1, ,1, ,1,1, , ,1,1,1,1,1,1,1,1,1,17,
Jasione montana,,N,1, , , , , ,1,1, ,1,1, ,1, ,1, ,1, , ,1,1,1, ,1,12,
Juncus acutiflorus,,N, , , , , , , , , , , , , ,1, , ,1, , ,1, , , , ,3,
Juncus acutus,,N, , , , , , , , , , , , ,1, , , ,1, , , , , , , ,2,
Juncus alpinoarticulatus,,N, , , , ,1, , , , , ,1, , , , ,1, , , , , , , , ,3,
Juncus ambiguus,Juncus ranarius,N, , , , ,1,1,1,1,1,1, , ,1, ,1, ,1,1,1,1, , , , ,12,
Juncus articulatus,,N, , , , , , , , , , , , , ,1, , , , , , , , , , ,1,
Juncus balticus,,N, ,1, , ,1, , , , , , ,1, , , , , , , ,1, , , , ,4,
Juncus biglumis,,N, ,1, , , , , , , , , ,1, , , , , ,1, , , , , , ,3,
Juncus bulbosus,,N, , , , ,1, , , , , , , , ,1, , ,1, ,1,1,1,1, ,1,8,
Juncus capitatus,,N, , , , , , , , ,1, , , , , , , , , , , , , , , ,1,
Juncus castaneus ,,N, , , , , , , , , , , ,1, , , , , , , , , , , , ,1,
Juncus compressus,,N, , , , , , , , , , , , ,1, , ,1,1, , ,1, , , ,1,5,
Juncus filiformis,,N, , , , , , , , , , , , , , , , , , , ,1, , , , ,1,
Juncus foliosus,,N, , , , , , , ,1, , , , ,1, , , ,1,1, ,1,1, , , ,6,
Juncus gerardii,,N,1,1, ,1,1,1,1, ,1, ,1,1,1,1,1,1,1, ,1,1, ,1,1, ,18,
Juncus inflexus,,N, , , , , ,1, ,1, , , , , , , , , , , , , , , , ,2,
Juncus maritimus,,N,1,1, , , ,1,1,1,1, , , ,1,1,1, ,1, , ,1, , , , ,11,
Juncus pygmaeus,,N, , , , , , , , ,1, , , , , , , , , , , , , , , ,1,
Juncus squarrosus,,N, , , , , , , , ,1, , , ,1, , , ,1, , , , ,1,1,1,6,
Juncus subnodulosus,,N,1, , , , ,1,1, , ,1,1, ,1,1,1,1,1, , ,1,1,1, ,1,14,
Juncus trifidus,,N, ,1, , , , , , , , , ,1, , , , , ,1, , , , , , ,3,
Juncus triglumis,,N, ,1, , , , , , , , ,1,1, , , , , ,1, , , , , , ,4,
Juniperus communis,,N,1,1,1,1,1, , ,1, ,1,1,1,1, , ,1, ,1,1, , , , , ,13,
Kickxia elatine,,AR, , ,1, , ,1, , , ,1, , ,1,1,1, ,1, , , ,1, , , ,8,
Kickxia spuria,,AR, , ,1, , , , , ,1,1, , ,1,1, , ,1, , , , , ,1,1,8,
Knautia arvensis,,N,1, ,1,1, ,1,1, ,1, , ,1, ,1, , , , ,1,1, , ,1, ,11,
Kobresia simpliciuscula,,N, , , , , , , , , , ,1, , , , , , , , , , , , , ,1,
Koeleria macrantha,,N,1, ,1,1,1,1, ,1,1,1,1,1,1, , ,1,1,1,1,1, ,1,1,1,19,
Koenigia islandica,,N, , , , , , , , , , , , , , , , , ,1, , , , , , ,1,
Lactuca virosa,,N, , ,1,1, , , , , ,1, , , , , , , , ,1, , , ,1, ,5,
Lamiastrum galeobdolon,,N, , ,1, , ,1,1, ,1,1, , , ,1,1, ,1, , ,1,1,1,1, ,12,
Lamium amplexicaule,,AR, ,1, , , ,1, ,1, , , , , , , ,1,1, ,1,1, , ,1, ,8,
Lamium confertum,,AR, ,1, , ,1, , ,1, , , , , , , , , , , , , , , , ,3,
Lamium hybridum,,AR, ,1,1, , ,1, , , ,1, , ,1, , ,1, , ,1, ,1, , ,1,9,
Lapsana communis,,NA, , , , , , , , , , , , , , , , , ,1, , , , , , ,1,
Lathraea squamaria,,N, , ,1,1, ,1,1, , ,1,1,1,1,1,1,1, , ,1,1,1,1,1,1,17,
Lathyrus aphaca,,NA, , , , , , , , , ,1, , , , , , , , , , , , , ,1,2,
Lathyrus japonicus,,N, , , , , , , , , ,1, , , , , , , , , , , , , , ,1,
Lathyrus linifolius,,N,1, ,1, , ,1,1,1,1,1, , ,1,1,1,1, , ,1,1,1,1,1, ,16,
Lathyrus nissolia,,N, , ,1, , , , , ,1,1, , ,1, , ,,1, , , , ,1,1, ,7,Mid-west Yorks deleted as assumed neophyte
Lathyrus palustris,,N, , , , , , , , , , , , , , , , ,1, , , , , , , ,1,
Lathyrus pratensis,,N, , , , , , , , , , , , , ,1, , , , , , , , , , ,1,
Lathyrus sylvestris,,N, , , ,1, ,1, , , ,1, , ,1, , , ,1, , ,1,1, ,1,1,9,
Lavatera arborea,,N, , , , , , , , ,1,1, , , , , , , , , , , , , , ,2,
Legousia hybrida,,AR, , , , , , , , ,1,1, , ,1, , , ,1, , , ,1, ,1,1,7,
Lemna gibba,,N, , , , , , , , , ,1, , ,1, , , , , , ,1, ,1,1,1,6,
Lemna minor,,N, , , , , , , , , , , , , , , , , ,1, , , , , , ,1,
Lemna trisulca,,N, , , ,1,1, , , ,1, , , ,1, , ,1, , ,1, , ,1, , ,7,
Leontodon autumnalis,Scorzoneroides autumnalis,N, , , , , , , , , , , , , ,1, , , , , , , , , , ,1,
Leontodon hispidus,,N,1, , ,1, ,1, , ,1,1, , , ,1,1, ,1, ,1,1, ,1,1, ,12,
Leontodon saxatilis,,N,1, , ,1, ,1,1, , , , , , ,1,1,1,1, ,1,1,1,1,1, ,13,
Lepidium campestre,,AR, , , , , , , , , , , , , , , , , , ,1,1,1,1,1, ,5,
Lepidium heterophyllum,,N, , , , ,1, , , ,1,1, ,1, , ,1,1, ,1,1,1,1,1, ,1,12,
Lepidium latifolium,,N, , , , , , , , , , , , , , , , , , , , , , , ,1,1,
Leucanthemum vulgare,,N, , , , , , , ,1, ,1,1, , ,1, , , ,1, , , , , , ,5,
Leucojum aestivum,,N, , ,1, , , , , , ,1, , , , , , , , , , , , , , ,2,
Leymus arenarius,,N,1,1, ,1,1,1, ,1, ,1,1, ,1,1, , ,1, , ,1, , , , ,12,
Ligusticum scoticum,,N, ,1, ,1,1, , ,1, , , ,1, , , , , ,1, , , , , , ,6,
Ligustrum vulgare,,N, , , , , , , , , , , , , , , , , , , ,1, , , , ,1,
Limonium bellidifolium,,N, , , , , , , , , , , , , , , , ,1, , , , , , , ,1,
Limonium binervosum agg.,,N,1, , , , ,1, , ,1,1, , , , , , ,1, , ,1, , , , ,6,
Limonium dodartiforme,,NE, , , , , , , , , ,1, , , , , , , , , , , , , , ,1,
Limonium humile,,N,1, , , , , , , , , , , ,1, , , ,1, , , , , , , ,3,
Limonium recurvum,,NE, , , , , , , , , ,1, , , , , , , , , , , , , , ,1,
Limonium vulgare,,N,1, , , , , , , , ,1,1, ,1,1, , ,1, , ,1, , , , ,7,
Limosella aquatica,,N, , , , , , ,1, , ,,1, ,1, ,1,1,1, , ,1,1,1, ,1,10,Dorset deleted as there are no records for the county
Linnaea borealis,,N, ,1, ,1, , , , , , , ,1, , , , , , , , , , , , ,3,
Linum bienne,,N, , , , , , , , ,1, , , , , , , ,1, , ,1, , , ,1,4,
Linum catharticum,,N,1,1,1,1, ,1, ,1,1,1,1,1, ,1,1,1,1, ,1,1,1,1, , ,18,
Liparis loeselii,,N, , , , , , , , , , , , , , , , ,1, , , , , , , ,1,
Listera cordata,Neottia cordata,N, ,1, ,1,1,1, ,1, , ,1,1, , ,1,1, ,1,1, , , , , ,11,
Listera ovata,Neottia ovata,N,1,1,1,1,1,1,1,1,1,1,1,1, ,1,1,1,1,1,1,1,1,1, ,1,22,
Lithospermum arvense,,AR, , ,1, , , , , , ,1, , ,1, , , ,1, , , , , , ,1,5,
Lithospermum officinale,,N, , ,1, , , , , ,1,1, , , , , ,1,1, , ,1,1, ,1,1,9,
Littorella uniflora,,N,1,1,1, ,1,1,1,1,1,1,1, ,1,1,1,1, , ,1,1,1,1, ,1,19,
Lobelia dortmanna,,N, ,1, , ,1,1, ,1, , , ,1, , ,1, , ,1, , , , , , ,7,
Lobelia urens,,N, , , , , , , , , ,1, , ,1, , , , , , , , , , , ,2,
Loiseleuria procumbens,Kalmia procumbens,N, ,1, , , , , , , , , ,1, , , , , ,1, , , , , , ,3,
Lonicera periclymenum,,N, , , , ,1, , , , , , , , , , , , , , , , , , , ,1,
Lotus angustissimus,,N, , , , , , , , ,1, , , ,1, , , , , , , , , , , ,2,
Lotus corniculatus,,N, , , , , , , , , ,1,1, , ,1, , , , , , , , , , ,3,
Lotus glaber,,N, , ,1, , , , , , ,1, , ,1, , ,1,1, , , , , ,1,1,7,
Lotus pedunculatus,,N, ,1, , ,1, , , , , ,1,1, ,1, , , ,1,1, , , , , ,7,
Lotus subbiflorus,,N, , , , , , , , ,1,1, , ,1, , , , , , , , , , , ,3,
Ludwigia palustris,,N, , , , , , , , , ,1, , ,1, , , , , , , , , , , ,2,
Luronium natans,,N, , , , , ,1, , , , ,, ,, ,1, ,, , ,1,1,1, , ,5,"Deleted from Durham (extinct), Hampshire (introduced) and Norfolk (introduced)"
Luzula arcuata,,N, ,1, , , , , , , , , ,1, , , , , , , , , , , , ,2,
Luzula campestris,,N, , , , , , , , ,1, , , , , , , ,1, , , , , , , ,2,
Luzula forsteri,,N, , , , , , , , ,1,1, , ,1, , , , , , , , , ,1,1,5,
Luzula multiflora,,N, , , , , , , , ,1, , , ,1, ,1, ,1, , , ,1,1,1,1,8,
Luzula pilosa,,N,1, ,1,1, ,1,1, ,1,1,1, , ,1,1,1,1,1,1,1,1,1,1,1,19,
Luzula spicata,,N, ,1, , , , , , , , , ,1, , , , , ,1, , , , , , ,3,
Luzula sylvatica,,N, , ,1, ,1, ,1, ,1,1,1, ,1,1,1, ,1, , , ,1,1,1,1,14,
Lychnis flos-cuculi,Silene flos-cuculi,N,1,1,1,1, , ,1, ,1,1, ,1,1,1,1,1, , ,1, , , ,1, ,14,
Lychnis viscaria,,N, , , , , , , , , , , , , , ,1, , , , , , , , , ,1,
Lycopodiella inundata,,N, , , , , , , , , , , , ,1, , , , , , , , , , , ,1,
Lycopodium annotinum,,N, ,1, , , , , , , , , ,1, , , , , ,1, , , , , , ,3,
Lycopodium clavatum,,N, , , ,1, ,1, ,1, , ,1, , , , ,1, ,1,1,1,1, , ,1,10,
Lycopus europaeus,,N,1, , , , ,1, ,1,1, ,1,1, ,1, , , ,1, , , , , , ,8,
Lysimachia nemorum,,N, ,1,1,1,1, , , ,1,1,1, , ,1,1,1,1, ,1, , ,1,1, ,14,
Lysimachia nummularia,,N, , ,1, , , , , , ,1,1, , ,1, ,1, , , ,1, , ,1, ,7,
Lysimachia vulgaris,,N,1, ,1, , ,1, ,1,1,1,1, ,1,1,1,1,1, ,1,1,1,1, ,1,17,
Lythrum hyssopifolium,Lythrum hyssopifolia,AR, , ,1, , , , , , ,1, , , , , , , , , , , , , , ,2,
Lythrum portula,,N,1, ,1,1, ,1,1,1,1, , ,1,1, ,1, ,1, ,1,1,1,1,1,1,17,
Lythrum salicaria,,N,1, , , , ,1, ,1,1, ,1,1, ,1,1,1, ,1, , , ,1, , ,11,
Maianthemum bifolium,,NA, , , , , , , , , , ,1, , , , , , , , , , , , , ,1,
Malus sylvestris sens.str.,,N, , , , , , , ,1,1, , ,1, , , , , , , ,1, , ,1, ,5,
Malva moschata,,N, , ,1, , , , ,1,1, , , , , , , , , ,1,1, , , , ,5,
Malva neglecta,,AR, , , , , , , , , , , , , , , , , , , ,1, , ,1, ,2,
Marrubium vulgare,,N, , , , , , , , , ,1,1, , , , , ,1, , , , , , , ,3,
Matricaria recutita,,AR, , , , , , , , , ,1, , ,1, , , , , ,1, , , , , ,3,
Meconopsis cambrica,,N, , , , , ,1, , ,1, , , , , , , , , , , , , , , ,2,
Medicago lupulina,,N, , , , , , , ,1, , , , , , , , , , , , , , , , ,1,
Medicago minima,,N, , , , , , , , , , , , , , , , ,1, , , , , , , ,1,
Medicago polymorpha,,N, , , , , , , , ,1,1, , ,1, , , , , , , , , , , ,3,
Medicago sativa subsp.falcata,,N, , , , , , , , , , , , , , , , ,1, , , , , , , ,1,
Melampyrum cristatum,,N, , , , , , , , , , , , , , , , ,1, , , , , , , ,1,
Melampyrum pratense,,N, ,1,1,1,1,1, ,1,1,1,1, ,1,1,1,1,1,1,1,1,1,1,1,1,21,
Melampyrum sylvaticum,,N, , , , , , , , , , ,,1, , , , , , , , , , , , ,1,Durham deleted as now extinct
Melica nutans,,N, ,1, , ,1, , , , , ,1,1, , ,1,1, ,1,1, ,1, , ,1,10,
Melica uniflora,,N,1, ,1,1, ,1,1,1,1,1,1,1, ,1,1, ,1, ,1,1,1,1,1, ,18,
Melittis melissophyllum,,N, , , , , , , , ,1,1, , ,1, , , , , , , , , , , ,3,
Mentha aquatica,,N, ,1, , , , , , , , , , , ,1, , , ,1,1, , , , , ,4,
Mentha arvensis,,N, , , , , , , ,1, , , ,1, , , , , ,1,1,1, ,1, , ,6,
Mentha pulegium,,N, , ,1, , , , , , , , , ,1, , ,1, , , , , , , , ,3,
Mentha suaveolens,,N, , , , , , , , ,1, , , , , , , , , , , , , , , ,1,
Menyanthes trifoliata,,N, ,1,1,1,1, , , ,1,1,1,1,1,1,1,1,1, ,1,1,1,1,1, ,18,
Mercurialis perennis,,N, ,1, ,1, , , , ,1, ,1,1, ,1, , , ,1,1, , , , , ,8,
Mertensia maritima,,N, ,1, , ,1, , , , , , ,1, , , , , ,1, , , , , , ,4,
Meum athamanticum,,N, ,1, , , , , , , , , , , , , , , , ,1, , , , , ,2,
Mibora minima,,N, , , , , , , , , ,, , , , , , , , , ,1, , , , ,1,Dorset deleted as thought to be neophyte there
Milium effusum,,N, , ,1,1, ,1,1,1,1,1,1,1,1,1,1,1,1, ,1,1,1,1,1, ,19,
Minuartia hybrida,,N, , ,1, , , , , , , , , ,1, , ,1,1, , , , , , , ,4,
Minuartia sedoides,,N, , , , , , , , , , , ,1, , , , , ,1, , , , , , ,2,
Minuartia stricta,,N, , , , , , , , , , ,1, , , , , , , , , , , , , ,1,
Minuartia verna,,N, ,1, ,1, , , , ,1, ,1, , , , ,1, , ,1,1, , , , ,7,
Misopates orontium,,AR, , ,1, , ,1, , ,1, , , ,1, , , ,1, , , , , , ,1,6,
Moehringia trinervia,,N,1,1,1, ,1, ,1,1,1, ,1,1, ,1,1, , ,1,1,1, , ,1, ,15,
Moenchia erecta,,N,1, ,1, , ,1, , ,1,1, , ,1, ,1, ,1, , , ,1, , ,1,10,
Molinia caerulea,,N,1,1, , , , ,1, ,1, ,1, , ,1, , ,1, ,1, ,1,1,1,1,12,
Monotropa hypopitys,Hypopitys monotropa,N,1, ,1, , , , , , ,1, , ,1, , , ,1, ,1,1,1,1,1,1,11,
Montia fontana,,N, ,1, ,1, , ,1, , , , , ,1,1, , ,1, ,1,1,1,1,1,1,12,
Mycelis muralis,,N, , ,1, , , , ,1, , , , , , , , , , , ,1, , , , ,3,
Myosotis arvensis,,AR, , , , , , , , , , , , , , , , , ,1, , , , , , ,1,
Myosotis discolor,,N, , , , , , ,1,1, , , , , , ,1,1,1,1,1,1,1,1, , ,10,
Myosotis laxa,,N, ,1, , ,1,1, , , , , ,1,1,1,1, ,1,1,1, , , ,1, ,11,
Myosotis ramosissima,,N,1,1, ,1, ,1,1, ,1,1, ,1,1, ,1,1,1, ,1,1,1,1,1,1,18,
Myosotis scorpioides,,N, ,1, , ,1,1, ,1,1, , , , ,1, , , , , , , , , , ,6,
Myosotis secunda,,N, ,1, , ,1, ,1, ,1, , ,1,1, ,1, ,1, ,1,1,1,1,1,1,14,
Myosotis stolonifera,,N, , , , , , , , , , ,1, , , , ,1, , ,1,1, , , , ,4,
Myosotis sylvatica,,N, , , , , , ,1, , , ,1, , ,1, , , , ,1,1, , ,1, ,6,
Myosoton aquaticum,,N, , , , , , , , , ,1, , ,1, , ,1, , , ,1, ,1, , ,5,
Myosurus minimus,,NA, , ,1, , , ,1, , ,1, , ,1, , , ,1, , , , , , ,1,6,
Myrica gale,,N,1,1,1, ,1,1,1, ,1,1, ,1,1,1,1,1,1, ,1,1,1, , , ,17,
Myriophyllum alterniflorum,,N,1,1,1, ,1,1, ,1,1,1, , ,1,1,1,1,1,1,1,1,1, , ,1,18,
Myriophyllum spicatum,,N,1, ,1, ,1, ,1, ,1,1, ,1,1,1, ,1, , ,1,1, ,1,1, ,14,
Myriophyllum verticillatum,,N, , ,1, , , , , , , ,1, , ,1, , ,1, ,1,1, , , ,1,7,
Najas marina,,N, , , , , , , , , , , , , , , , ,1, , , , , , , ,1,
Narcissus pseudonarcissus,,N, , , , , , ,1, ,1,1, , ,1, , ,1, , , ,1, ,1,1, ,8,
Nardus stricta,,N,1, , , , , , , ,1,1,1, , ,1, , ,1, , , ,1,1,1,1,10,
Narthecium ossifragum,,N,1,1,1,1, , ,1, ,1,1,1, ,1,1,1, ,1, ,1,1,1,1, , ,16,
Neottia nidus-avis,,N, ,1,1, , , , , , ,1,1,1,1,1,1,1,1,1,1, ,1, ,1,1,15,
Nepeta cataria,,AR, , , , , , , , , , , , , , , , ,1, , , , , , ,1,2,
Nuphar lutea,,N,1, , ,1, ,1, ,1, , , , ,1,1, ,1, ,1, ,1, , , ,1,10,
Nuphar pumila,,N, , , , , , , , , , , ,1, , , , , , , , ,1, , , ,2,
Nymphaea alba,,N,1, , , ,1,1, ,1, , , ,1, , , , , ,1, ,1, , , , ,7,
Nymphoides peltata,,N, , ,1, , , , , , , , , , , , ,1, , , , , , , , ,2,
Odontites vernus,,N, ,1, , , , , , , , , , , , , , , ,1,1, , ,1, , ,4,
Oenanthe aquatica,,N, , , , , , , , , , , , , , ,1,1,1, ,1,1,1,1,1,1,9,
Oenanthe crocata,,N, ,1, , ,1, , , , , , ,1, , , , , ,1, , , ,1, , ,5,
Oenanthe fistulosa,,N,1, ,1, , , ,1, , ,1,1, ,1, ,1,1,1, ,1,1,1,1,1,1,15,
Oenanthe fluviatilis,,N, , , , , , , , , ,1, , ,1, , , ,1, , , , , , , ,3,
Oenanthe lachenalii,,N,1, ,1, , ,1,1,1,1,1, , ,1,1,1,1,1, , ,1, , ,1,1,15,
Oenanthe pimpinelloides,,N, , , , , , , , , ,1, , ,1, , , , , , ,1, , ,1,1,5,
Oenanthe silaifolia,,N, , , , , , , , , , , , , , , , , , , , , , ,1,1,2,
Onobrychis viciifolia,,NA, , , , , , , , , ,1, , , , , ,1, , , , , , , , ,2,
Ononis repens,,N, ,1,1,1, , , ,1,1, ,1,1,1,1,1,1,1, ,1,1,1,1,1,1,18,
Ononis spinosa,,N, , ,1, , , , , , ,1,1, ,1, , ,1,1, , ,1,1, ,1,1,10,
Ophioglossum azoricum,,N, ,1, , , , , , , , , , ,1, , , , ,1, , , , , , ,3,1
Ophioglossum lusitanicum,,N, , , , ,1, , , , , , , , , , , , , , , , , , , ,1,
Ophioglossum vulgatum,,N,1, ,1,1,1,1,1,1,1,1,1, ,1,1,1,1,1,1,1,1,1,1,1,1,22,
Ophrys apifera,,N,1, ,1, , ,1, , ,1,1,1, ,1,1,1,1,1, ,1,1,1, ,1,1,16,
Ophrys insectifera,,N,1, ,1, , , , , , ,1,1, ,1, , , , , , , , , ,1, ,6,
Ophrys sphegodes,,N, , , , , , , , , ,1, , , , , , , , , , , , , , ,1,
Orchis mascula,,N,1,1,1,1,1, ,1,1,1,1,1,1,1,1,1,1,1,1,1,1,1,1,1,1,23,
Orchis militaris,,N, , ,1, , , , , , , , , , , , , , , , , , , , , ,1,
Orchis morio,Anacamptis morio,N,1, ,1, , ,1, , ,1,1,1, ,1,1,1, ,1, , ,1,1, ,1,1,14,
Orchis purpurea,,N, , ,1, , , , , , , , , ,1, , , , , , , , , , , ,2,
Orchis simia,,N, , ,1, , , , , , , , , , , , , , , , , , , , , ,1,
Orchis ustulata,Neotinea ustulata,N, , ,1, , , , , , ,1,1, ,1, , ,1, , , , , , , , ,5,
Oreopteris limbosperma,,N,1,1,1,1,1, ,1, ,1, ,1,1,1,1,1, ,1, ,1,1,1,1,1,1,19,
Origanum vulgare,,N,1,1, ,1, , , , , , ,1, ,1,1,1, ,1, ,1,1,1,1, , ,12,
Ornithogalum pyrenaicum,,N, , ,1, , , , , , , , , , , , , , , , , , , , , ,1,
Ornithopus perpusillus,,N,1,1, , , ,1,1,1,1,1, ,1,1,1,1,1,1, , ,1,1,1,1,1,18,
Orobanche alba,,N, , , , , , , , ,1, , , , , , ,1, ,1, , , , , , ,3,
Orobanche elatior,,N, , , , , , , , , ,1, , ,1, , , ,1, , , , , , , ,3,
Orobanche hederae,,N, , , , , ,1, , ,1,1, , , , , , , , , ,1, , , , ,4,
Orobanche minor,,N, , ,1, , , , , ,1,1,1, , , , ,1,1, ,1,1, , , ,1,9,
Orobanche purpurea,,N, , , , , , , , , ,1, , ,1, , , ,1, , , , , , , ,3,
Orobanche rapum-genistae,,N,1, , , , ,1, , ,1,1,1, ,1, , , , , ,1, ,1, , ,1,9,
Orobanche reticulata,,N, , , , , , , , , , , , , , , ,1, , , , , , , , ,1,
Orthilia secunda,,N, ,1, , , , , , , , , ,1, , , , , ,1, , , , , , ,3,
Osmunda regalis,,N,1, ,1, ,1,1,1,1,1,1,1, ,1, ,1,1,1,1, ,1,1,1, , ,17,
Oxalis acetosella,,N, , , , ,1, , , ,1,1,1, ,1,1,1, ,1, ,1, ,1, ,1, ,11,
Oxyria digyna,,N, ,1, , , , , ,1, , , ,1, , , , , ,1,1, , , , , ,5,
Oxytropis halleri,,N, , , , , , , , , , , ,1, , , , , , , , , , , , ,1,
Papaver argemone,,AR, , , , , , , , , ,1,1,1,1, , , ,1, ,1,1, ,1,1,1,10,
Papaver dubium,,AR, , ,1, , , , , ,1,1, , ,1, , , ,1, ,1, , ,1,1, ,8,
Papaver hybridum,,AR, , , , , , , , ,1,1, , ,1, , , ,1, , , , , ,1,1,6,
Parapholis incurva,,N, , , , , , , , , ,1, , ,1, , , ,1, , , , , ,1, ,4,
Parapholis strigosa,,N,1, , , , ,1,1, ,1,1,1, ,1, , , ,1, ,1,1, , ,1, ,11,
Parentucellia viscosa,,N, , , , , , , , ,1,1, , ,1, , , , , , ,1, , , , ,4,
Parietaria judaica,,N, , , , , , , , , , , , , , , ,1, , , , , , , , ,1,
Paris quadrifolia,,N,1,1,1, , , , , , ,1,1, ,1,1,1,1,1,1,1, ,1,1,1,1,16,
Parnassia palustris,,N,1,1,1,1,1, , ,1, , ,1,1, , , ,1,1,1,1,1,1,1, , ,15,
Pastinaca sativa,,N, , , , , , , , , , , , , , , , , , , ,1, , , , ,1,
Pedicularis palustris,,N,1,1,1,1,1,1, , ,1,1,1, ,1, ,1,1,1, ,1,1,1,1, , ,17,
Pedicularis sylvatica,,N,1,1,1, , ,1,1, ,1,1,1, ,1,1,1, ,1, ,1,1,1,1,1,1,18,
Persicaria amphibia,,N, , , , ,1, , , ,1, , ,1, ,1, ,1, ,1, , , , , , ,6,
Persicaria bistorta,,N, , , , , , , ,1,1,1, ,1,1, , , ,1, ,1, , ,1, ,1,9,
Persicaria hydropiper,,N, , , , , , , , , , , , , , , , , ,1, , , , , , ,1,
Persicaria lapathifolia,,N, , , , , , , ,1, , , ,1, , , , , , , , , , , , ,2,
Persicaria minor,,N,1, ,1, , ,1, , , ,1,1, ,1, ,1,1,1, , ,1,1, , ,1,12,
Persicaria mitis,,N, , ,1, , , , , , ,1,1, ,1, , , ,1, , , , , , ,1,6,
Persicaria vivipara,,N, ,1, , , , , , , , , , , , , ,1, ,1,1, , , , , ,4,
Petasites hybridus,,N, , , , , , , ,1, , , ,1, , , , , ,1,1, , , ,1, ,5,
Petroselinum segetum,,N, , ,1, , , , , ,1,1, , ,1, , , ,1, , , , , ,1,1,7,
Peucedanum palustre,,N, , , , , , , , , , , , , , , , ,1, , , , , , , ,1,
Phalaris arundinacea,,N, , , , , , , , ,1, , , , ,1, , , ,1, , , , , , ,3,
Phegopteris connectilis,,N, ,1, ,1,1,1,1,1, , ,1,1,1, ,1,1, , ,1,1,1, , , ,14,
Phleum alpinum,,N, ,1, , , , , , , , , , , , , , , , , , , , , , ,1,
Phleum arenarium,,N,1, , , , ,1, , ,1,1, , ,1,1, , ,1, ,1,1, , , , ,9,
Phleum bertolonii,,N, , ,1, , ,1, , ,1, , ,1, , , , , , ,1,1, ,1, , ,7,
Phleum phleoides,,N, , , , , , , , , , , , , , , , ,1, , , , , , , ,1,
Phragmites australis,,N,1,1, , ,1,1, ,1,1, , , , ,1,1, , ,1, , ,1,1, , ,11,
Phyllitis scolopendrium,Asplenium scolopendrium,N, , , ,1, , , , , , , ,1, , , , , ,1, , , , ,1, ,4,
Physospermum cornubiense,,N, , , , , , , , ,1, , , , , , , , , , , , , , , ,1,
Phyteuma orbiculare,,N, , , , , , , , , , , , ,1, , , , , , , , , , , ,1,
Picris hieracioides,,N, , ,1, , , , , , ,1, , , , , ,1,1, , , , ,1, , ,5,
Pilosella officinarum,,N, ,1, , ,1, , ,1,1,1, ,1, ,1, , ,1, ,1, , , , , ,9,
Pilosella peleteriana,,N, , , , , , , , , ,1, , , , ,1, , , , , , , , , ,2,
Pilularia globulifera,,N,1, ,1, , , , , ,1,1,1,1,1,1,1,1, , , , , , , , ,10,
Pimpinella major,,N, , , , , , , , , , , , , ,1, , , , ,1,1, ,1,1,1,6,
Pimpinella saxifraga,,N,1,1,1, , ,1,1,1,1,1,1, , ,1,1,1,1, ,1,1,1,1,1, ,18,
Pinguicula lusitanica,,N, , , , , , , ,1,1,1, ,1,1, , , , ,1, , , , , , ,6,
Pinguicula vulgaris,,N,1,1,1,1, ,1, , , , ,1, ,1,1,1,1,1, ,1,1,1, , , ,14,
Plantago coronopus,,N, ,1,1, ,1, , ,1, ,1,1,1, ,1, , , , , ,1,1, , , ,10,
Plantago major,,N, , , , , , , , , , , , , , , , , , , ,1, , , , ,1,
Plantago maritima,,N, ,1, , , , , , ,1, ,1, ,1,1, ,1,1, ,1,1, , ,1, ,10,
Plantago media,,N, , , ,1, , , , , ,1,1, , ,1, , ,1, ,1,1,1,1,1, ,10,
Platanthera bifolia,,N,1,1,1,1, ,1, ,1,1,1,1,1,1, ,1,1,1,1,1,1,1, , , ,18,
Platanthera chlorantha,,N,1, ,1, , ,1, ,1,1,1,1,1,1,1,1,1,1,1,1, ,1,1,1,1,19,
Poa alpina,,N, ,1, , , , , , , , , ,1, , , , , ,1, , , , , , ,3,
Poa angustifolia,,N, , , , , , , , , , , , , , , , , , , ,1, , ,1, ,2,
Poa annua,,N, , , , ,1, , , , , , , , , , , , , , , , , , , ,1,
Poa bulbosa,,N, , , , , , , , , ,1, , ,1, , , ,1, , , , , , , ,3,
Poa compressa,,N, , ,1, ,1, , , , , , , , , , ,1, , , ,1,1, ,1, ,6,
Poa flexuosa,,N, ,1, , , , , , , , , , , , , , , , , , , , , , ,1,
Poa glauca,,N, ,1, , , , , , , , , , , , , , , ,1, , , , , , ,2,
Poa humilis,,N, , , , ,1, , , , ,1, , , , , ,1, , , , , , ,1, ,4,
Poa infirma,,N, , ,1, , , , , ,1,1, , , , , , , , , , , , , , ,3,
Poa nemoralis,,N,1, , , , , ,1, ,1, ,1,1, ,1, ,1,1, ,1,1, ,1,1, ,12,
Poa pratensis sens.lat.,,N, , , , ,1, , , , ,1, , , , , ,1, , , ,1, , ,1, ,5,
Poa trivialis,,N, , , , ,1, , , , , , , , , , , , , , , , , , , ,1,
Polemonium caeruleum,,N, , , , , , , , , , , , , , , ,1, , , , , , , , ,1,
Polycarpon tetraphyllum,,NA, , , , , , , , , ,1, , , , , , , , , , , , , , ,1,
Polygala amarella,,N, , , , , , , , , , ,1, , , , ,1, , , , , , , , ,2,
Polygala calcarea,,N, , ,1, , , , , , ,1, , ,1, , , , , , , , , , ,1,4,
Polygala serpyllifolia,,N,1, , , ,1, ,1, ,1,1,1, ,1,1,1, ,1, ,1,1,1,1,1,1,16,
Polygala vulgaris,,N,1,1, ,1, ,1,1,1,1,1,1,1,1,1,1, ,1,1,1,1, ,1,1,1,20,
Polygonatum multiflorum,,N, , ,1, , , ,1, , ,1, , , , , ,1, , , , , , ,1, ,5,
Polygonatum odoratum,,N, , , , , , , , , , , , ,, , ,1, , , , , , , , ,1,Deleted for Hampshire as considered neophyte there
Polygonum boreale,,N, , , , ,1, , , , , , ,1, , , , , , , , , , , , ,2,
Polygonum maritimum,,N, , , , , , , , , ,1, , ,1, , , , , , , , , , , ,2,
Polygonum oxyspermum,,N,1, , , , ,1, ,1,1,1, , ,1, , ,1,1,1, ,1, , , , ,10,
Polygonum rurivagum,,AR, , , , , , , , , , , , ,1, , , ,1, , ,1, , , ,1,4,
Polypodium cambricum,,N,1, , , , , , , ,1,1, , , , ,1,1, , , , ,1, , , ,6,
Polypodium interjectum,,N, , , ,1,1, , , , , ,1,1, , , ,1, ,1,1,1, ,1, , ,9,
Polypodium vulgare,,N, , , , ,1, , , , , ,1, , ,1, , , , ,1, , , ,1, ,5,
Polypogon monspeliensis,,N, , , , , , , , , ,1, , , , , ,1, , , , , , , , ,2,
Polystichum aculeatum,,N,1,1,1,1,1,1,1,1,1,1,1,1,1,1,1,1,1,1,1,1,1,1,1, ,23,
Polystichum lonchitis,,N, ,1, , ,1, , , , , ,1,1, , , ,1, ,1, , , , , , ,6,
Polystichum setiferum,,N, , ,1,1,1, ,1,1, , ,1, , ,1,1,1,1, ,1,1,1,1,1, ,15,
Populus nigra sens.lat.,,N, , ,1, , , , , , ,1,1, , , , ,1, , , ,1, , , , ,5,
Populus tremula,,N, ,1,1,1,1, , ,1, , ,1, ,1,1, ,1, , ,1, , , ,1, ,11,
Potamogeton acutifolius,,N, , , , , , , , , ,1, , , , , , ,1, , , , , , , ,2,
Potamogeton alpinus,,N, , ,1,1,1, , , , ,1, ,1,1, , ,1,1,1,1,1,1, , ,1,13,
Potamogeton berchtoldii,,N,1,1, , ,1,1, ,1, , , , ,1,1,1, ,1,1,1,1, ,1, ,1,14,
Potamogeton coloratus,,N,1, ,1, , , , , , , , , , , , , ,1, , , , , , , ,3,
Potamogeton compressus,,N, , , , , , , , , , , , , ,1,1, ,1, , ,1,1,1, ,,6,Worcestershire deleted as extinct
Potamogeton crispus,,N, ,1,1, ,1, ,1,1,1, , ,1,1,1,1, ,1, , ,1, ,1,1, ,14,
Potamogeton filiformis,,N, , , ,1,1, , , , , , ,1, , , , , ,1, , , , , , ,4,
Potamogeton friesii,,N, , ,1, ,1, , , , , , , , , ,1,1,1, , , ,1,1, ,1,8,
Potamogeton gramineus,,N, ,1, , ,1, , ,1, , , , , , , ,1,1,1,1,1, , , , ,8,
Potamogeton lucens,,N, , ,1,1, , ,1, , ,1, , ,1,1, ,1,1, ,1,1, ,1,1,1,13,
Potamogeton natans,,N,1,1, , ,1,1, ,1, , , , ,1,1, , , , ,1, , , , , ,8,
Potamogeton nodosus,,N, , ,1, , , , , , ,1, , , , , , , , , , , , , , ,2,
Potamogeton obtusifolius,,N,1,1,1,1, ,1,1,1, ,1, ,1,1, ,1,1,1, ,1,1,1,1, ,1,18,
Potamogeton pectinatus,,N, , , ,1, ,1, ,1, , , ,1, , , , , ,1, ,1, ,1, , ,7,
Potamogeton perfoliatus,,N, ,1,1,1,1, , ,1, , , ,1, ,1,1, ,1,1,1,1,1,1,1,1,16,
Potamogeton polygonifolius,,N, ,1,1, , , ,1, ,1, ,1, ,1,1,1, ,1, ,1,1,1,1,1,1,15,
Potamogeton praelongus,,N, , ,1, , , , ,1, , ,1,1, , ,1, , ,1,1, ,1, , , ,8,
Potamogeton pusillus,,N,1, ,1,1, ,1,1, , ,1, ,1,1,1, ,1,1, , ,1, ,1,1,1,15,
Potamogeton rutilus,,N, , , , , , , , , , , ,1, , , , , , , , , , , , ,1,
Potamogeton trichoides,,N,1, ,1, , , ,1, , ,1, , ,1, , ,1,1, , ,1, , , , ,8,
Potentilla anglica,,N, , ,1,1, , , ,1,1,1,1, ,1, ,1, ,1, ,1,1, ,1,1,1,14,
Potentilla argentea,,N, , ,1, , , , , , ,1, , ,1, ,1, ,1, , ,1,1, , ,1,8,
Potentilla crantzii,,N, ,1, , , , , , , , ,1, , , , ,1, , , , , , , , ,3,
Potentilla erecta,,N, , , , ,1,1, , ,1,1,1, , ,1, ,1,1, ,1, , , , , ,9,
Potentilla fruticosa,,N, , , , , , , , , , ,1, , , , , , , , , , , , , ,1,
Potentilla neumanniana,Potentilla tabernaemontani,N, , , , , , , , , , ,1,1,1, ,1,1, , , , , ,1, ,1,7,
Potentilla palustris,Comarum palustre,N,1,1,1,1,1,1,1, ,1,1, ,1,1,1,1,1,1, ,1,1,1,1,1,1,21,
Potentilla rupestris,,N, , , , , , , , , , , , , , ,1, , , , , , , , , ,1,
Potentilla sterilis,,N, , , , ,1, , ,1, , , , , ,1, , , ,1,1,1, , ,1, ,7,
Primula farinosa,,N, , , , , , , , , , ,1, , , , ,1, , , , , , , , ,2,
Primula scotica,,NE, , , , ,1, , , , , , , , , , , , , , , , , , , ,1,
Primula veris,,N,1,1,1,1,1,1,1, ,1,1,1,1, ,1,1,1,1, ,1,1, ,1,1, ,19,
Primula vulgaris,,N,1,1, , ,1, ,1, , , ,1, , ,1, ,1, , ,1,1, , ,1, ,10,
Prunus avium,,N, , , , ,1, , ,1, , , , , , , ,1, , , , , , ,1, ,4,
Prunus padus,,N, ,1, ,1,1, ,1,1, , , ,1, , ,1,1,1,1,1, ,1,1, , ,13,
Prunus spinosa,,N, , , , ,1, , , , , , , , , , , , , , , , , , , ,1,
Pseudorchis albida,,N, ,1, , , ,1, , , , ,1,1, , ,1,1, ,1,1, , , , , ,8,
Puccinellia distans,,N, ,1, , ,1, , , , ,1, ,1, , , , , , , ,1, , ,1, ,6,
Puccinellia fasciculata,,N, , , , , , , , , ,1, , ,1, , , ,1, , , , , , , ,3,
Puccinellia maritima,,N,1,1, ,1, ,1, ,1,1, , , ,1,1,1, ,1,1,1,1, , ,1, ,14,
Puccinellia rupestris,,N, , , , , , , , , ,1,1, ,1, , , ,1, , , , , , , ,4,
Pulicaria dysenterica,,N, , , , , , , , ,1,1, , , , , ,1, , ,1, , ,1, , ,5,
Pulicaria vulgaris,,N, , , , , , , , , , , , ,1, , , , , , , , , , , ,1,
Pulmonaria longifolia,,N, , , , , , , , , ,1, , ,1, , , , , , , , , , , ,2,
Pulsatilla vulgaris,,N, , ,1, , , , , , , , , ,1, , ,1, , , , , , , , ,3,
Pyrola media,,N, ,1, , ,1, , , , , ,1,1, , , , , ,1,1, , , , ,1,7,
Pyrola minor,,N, ,1,1,1,1, , , , , ,1,1,1, , ,1,1,1,1,1,1, , ,1,14,
Pyrola rotundifolia,,N,1, , , , , , , , , ,1, , , , ,1,1, , ,1, , , ,1,6,
Quercus petraea,,N, , ,1,1, , , , ,1, ,1, ,1,1, , , , , ,1, , ,1, ,8,
Radiola linoides,,N,1,1,1, ,1,1, ,1,1,1, ,1,1, , , ,1, , , , , ,1, ,12,
Ranunculus acris,,N, , , , , , , , ,1, , , , , , , , , , , , , , , ,1,
Ranunculus aquatilis,,N, ,1, ,1, , , , , , , ,1,1,1, ,1, , ,1,1, ,1, , ,9,
Ranunculus arvensis,,AR, , , , , , , , , ,1, , ,1,1, ,1, , , , ,1, , ,1,6,
Ranunculus auricomus,,N,1,1,1,1,1,1,1, ,1,1,1, ,1,1,1,1,1, ,1,1,1,1,1, ,20,
Ranunculus baudotii,,N,1,1, , , ,1, , , ,1,1, ,1,1,1, ,1, ,1,1, , ,1, ,12,
Ranunculus bulbosus,,N,1,1, ,1, , , ,1,1, , ,1, , , , , , ,1,1, , ,1, ,9,
Ranunculus circinatus,,N, , , ,1, , , , , ,1, , ,1, ,1,1,1, , , ,1,1,1,1,10,
Ranunculus flammula,,N, , , , ,1, , , , , , , , ,1, , , , ,1, , , , , ,3,
Ranunculus fluitans,,N, ,1, ,1, , , , , ,1,1, , ,1,1, ,1, ,1,1,1,1, ,1,12,
Ranunculus hederaceus,,N, ,1, , ,1, ,1, ,1,1, , ,1, , , ,1,1,1,1, ,1, ,1,12,
Ranunculus lingua,,N,1, ,1,1, , , , , ,1,1,1, ,1, ,1,1, , ,1,1,1, , ,12,
Ranunculus omiophyllus,,N, , ,1, , , ,1, ,1,1, , ,1, ,1, , , ,1,1,1,1, ,1,11,
Ranunculus parviflorus,,N, , ,1, , ,1, , , ,1, , ,1, ,1, , , , ,1, ,1, ,1,8,
Ranunculus peltatus,,N,1,1, ,1, ,1,1, , , , , ,1, ,1, , , ,1,1,1,1,1,1,13,
Ranunculus penicillatus,,N, ,1, , , ,1, , ,1, , , ,1, ,1, , , ,1,1,1,1, ,1,10,
Ranunculus sardous,,NA, , ,1, , ,1, , , ,1, , ,1, , , ,1, , ,1,1,1,1, ,9,
Ranunculus sceleratus,,N, , , , , , , ,1, , , ,1,1, , ,1, , ,1, , , , , ,5,
Ranunculus trichophyllus,,N,1, , ,1,1,1,1, ,1,1, ,1,1, ,1,1,1,1,1,1,1,1,1,1,19,
Ranunculus tripartitus,,N, , , , , , , , ,1, , , , , , , , , , , , , , , ,1,
Raphanus raphanistrum subsp.maritimus,,N, , , , , , , , , , , , ,1, , , ,1, , ,1, , ,1, ,4,
Reseda lutea,,NA, , , , , , , , , , , , , , , ,1, , , ,1, , , , ,2,
Rhamnus cathartica,,N, , , , , , , , , , , , , , , ,1,1, , ,1,1,1,1, ,6,
Rhinanthus minor,,N,1,1,1,1, , ,1,1,1,1,1, ,1,1,1,1,1, ,1,1,1,1,1, ,19,
Rhynchospora alba,,N, , ,1, ,1,1, ,1,1,1, ,1,1, ,1,1,1,1,1, ,1, , , ,14,
Rhynchospora fusca,,N, , , , , ,1, , , ,1, , ,1, , , , , , , , , , , ,3,
Ribes alpinum,,N, , , , , , , , , , ,1, , , , ,1, , , , , ,1, , ,3,
Ribes rubrum,,NA, , , , , , , , , , , , , , , , , , , , , ,1,1, ,2,
Ribes spicatum,,N, ,1, , , , , , , , ,1, , , , ,1, ,1,1,1, , , , ,6,
Rorippa amphibia,,N, , , , , , , , , , , , ,1,1,1,1,1, , ,1, ,1, , ,7,
Rorippa islandica,,N, , , , , ,1, , , , , , , , ,1, , , , ,1, , , , ,3,
Rorippa microphylla,Nasturtium microphyllum,N, , , , , , , , , ,1, ,1, , , , , , , ,1, ,1,1,1,6,
Rorippa nasturtium-aquaticum,Nasturtium officinale,N, , , , , , , , , , , , , ,1, , , ,1, , , , , , ,2,
Rorippa palustris,,N, , , , , , , ,1, , , , , , ,1, ,1, , , , ,1,1, ,5,
Rorippa sylvestris,,N, , , , , , , ,1, ,1,1, , , , ,1,1, , ,1, ,1,1, ,8,
Rosa agrestis,,N, , , , , , , , , ,1, , ,1, , , , , , , , , , ,1,3,
Rosa arvensis,,N, , , , , , , , , , , , , , , , , , ,1, , , ,1, ,2,
Rosa caesia,,N, , , , , , , , , , , , , , , , , , , ,1, , , ,1,2,
Rosa micrantha,,N, , , , , , , , , , , , ,1, ,1,1,1, , , ,1, ,1,1,7,
Rosa mollis,,N, , , , , , , , , , , , , , , ,1, , ,1,1, ,1, ,1,5,
Rosa obtusifolia,,N, , , , , , , , , , , , , , , , , , , , , , , ,1,1,
Rosa pimpinellifolia,Rosa spinosissima,N,1,1,1,1, ,1, ,1,1, , ,1,1, ,1, ,1,1,1,1,1, ,1,1,17,
Rosa rubiginosa,,N, , , , , , , , , , , ,1,1, , ,1, , ,1,1, , ,1, ,6,
Rosa sherardii,,N, , , , , , , , , , , , ,1, , , , , ,1,1, , , ,1,4,
Rosa stylosa,,N, , , , , , , , , , , , , , , , , , , , , , ,1,1,2,
Rosa tomentosa,,N, , , , , , , , , , , , ,1, , , ,1, , ,1, , ,1,1,5,
Rubia peregrina,,N,1, , , , ,1, , , , , , ,1, , , , , , , , , , , ,3,
Rubus caesius,,N, , , , , , , , , , ,1, , , , , , , , ,1, , , , ,2,
Rubus chamaemorus,,N, ,1, ,1, , , , , , ,1,1, , ,1,1, , ,1,1, , , , ,8,
Rubus idaeus,,N, , , , ,1, , , , , , , , , , , , , , , , , , , ,1,
Rubus saxatilis,,N, ,1, ,1,1,1, , , , ,1,1, , ,1,1, ,1,1,1,1, , , ,12,
Rumex acetosella,,N, , , , , , , , , , ,1, , ,1, , , , ,1, , , , , ,3,
Rumex conglomeratus,,N, , , ,1, , , , , , , , , , , , , , , , , , , , ,1,
Rumex crispus,,N, , , , ,1,1, , , , , , ,1, , , , , , ,1, , , , ,4,
Rumex hydrolapathum,,N,1, ,1, , ,1, , , ,1,1, ,1,1,1,1,1, , ,1,1,1,1,1,15,
Rumex longifolius,,N, , , , , , , , , , , , , , , ,1, ,1,1,1, , , , ,4,
Rumex maritimus,,N, , , ,1, , ,1, , ,1, , , , ,1,1,1, , ,1,1,1, ,1,10,
Rumex palustris,,N, , , , , , , , , , , , , , , , ,1, , , , , , ,1,2,
Rumex pulcher,,N, , , , , , , , ,1, , , ,1, , , , , , , , , , ,1,3,
Rumex rupestris,,N,1, , , , , , , , , , , , , , , , , , , , , , , ,1,
Rumex sanguineus,,N, , , , , , , , , , , ,1, , , , , ,1, , , , , , ,2,
Ruppia cirrhosa,,N,1, , , , , , , , ,1,1, ,1, , , ,1, , , , , , , ,5,
Ruppia maritima,,N,1, , , , ,1, , ,1,1, ,1,1, ,1, ,1,1,1,1, , , , ,11,
Ruscus aculeatus,,N, , ,1, , , , , ,1,1, , , , , ,1, , , , , , ,1, ,5,
Sagina apetala,,N, , , ,1, , , ,1, , , , , , , , , , , ,1, , ,1, ,4,
Sagina maritima,,N,1,1, , ,1,1, , ,1,1, ,1, , , , ,1,1,1,1, , ,1, ,12,
Sagina nodosa,,N,1,1,1,1, , ,1,1,1,1, ,1,1, ,1,1,1,1,1,1,1,1, ,1,19,
Sagina saginoides,,N, ,1, , , , , , , , , , , , , , , ,1, , , , , , ,2,
Sagina subulata,,N,1,1,1,1, ,1, ,1,1,1, , ,1, , , , ,1, , , , , ,1,11,
Sagittaria sagittifolia,,N, , , , , , ,1, , ,1, , ,1,1, ,1,1, , ,1,1,1,1,1,11,
Salicornia,,N,1, , , , ,1, ,1,1,1,1,1,1,1, , , ,1,1,1, , , , ,12,
Salicornia dolichostachya,,N, , , , , ,1, , , ,1,1,1,1, , , , , ,1,1, , , , ,7,
Salicornia europaea,,N, , , , , ,1, , ,1, , ,1, , , , , ,1,1,1, , , , ,6,
Salicornia fragilis,,N, , , , , ,1, , , ,1, ,1,1, , , , , , , , , , , ,4,
Salicornia nitens,,N, , , , , ,1, , , , , , ,1, , , , , , , , , , , ,2,
Salicornia pusilla,,N, , , , , , , , , ,1, , ,1, , , , , , , , , , , ,2,
Salicornia ramosissima,,N, , , , , ,1, , , , , ,1,1, , , , , ,1,1, , , , ,5,
Salix aurita,,N, , , , , , , , ,1, , , ,1, , , ,1, , ,1,1,1,1,1,8,
Salix caprea,,N, , , , ,1, , , , , , , , , , , , ,1, ,1,1, , , ,4,
Salix herbacea,,N, ,1, , ,1,1, ,1, , , ,1, , , ,1, ,1,1, , , , , ,8,
Salix lapponum,,N, ,1, , , , , , , , , ,1, , , , , , , , , , , , ,2,
Salix myrsinifolia,,N, ,1, ,1, , , , , , ,1, , , , ,1, , ,1, , , , , ,5,
Salix myrsinites,,N, ,1, , , , , , , , , , , , , , , , , , , , , , ,1,
Salix pentandra,,N, , , ,1, , ,1,1, , ,1, , , , ,1, , ,1,1,1,1, , ,9,
Salix phylicifolia,,N, ,1, ,1,1, , , , , ,1,1, , , , , , ,1, , , , , ,6,
Salix purpurea,,N,1, , , , , , ,1, ,1,1, ,1, , , ,1, ,1,1,1,1, , ,10,
Salix repens,,N,1,1,1,1, ,1, ,1,1,1,1,1,1,1,1,1,1, ,1, ,1,1,1, ,19,
Salix triandra,,AR, , , , , , , , , ,1,1, , , , ,1,1, ,1, , , , ,1,6,
Salsola kali,,N,1,1, , , ,1, ,1, ,1, ,1,1, , , ,1, ,1,1, , , , ,10,
Salvia verbenaca,,N, , , , , , , , ,1,1, , ,1, , , ,1, ,1, , , ,1,1,7,
Samolus valerandi,,N,1, ,1, , ,1,1,1,1,1, , ,1, ,1,1,1, , ,1,1, ,1,1,15,
Sanguisorba minor,Poterium sanguisorba,N,1, ,1,1, ,1, , ,1,1,1, , ,1,1, ,1, ,1,1,1,1, ,1,15,
Sanguisorba officinalis,,N, , ,1, , ,1,1, ,1,1,1, ,1,1,1, ,1, ,1,1,1,1, ,1,15,
Sanicula europaea,,N,1,1,1,1,1,1,1,1,1,1,1,1,1,1,1,1,1,1,1,1,1,1,1, ,23,
Sarcocornia perennis,,N, , , , , , , , , ,1, , ,1, , , ,1, , , , , , , ,3,
Saussurea alpina,,N, ,1, , , , , , , , , ,1, , , , , ,1, , , , , , ,3,
Saxifraga aizoides,,N, ,1, , , , , ,1, , ,1,1, , , ,1, ,1,1, , , , , ,7,
Saxifraga cespitosa,,N, ,1, , , , , , , , , , , , , , , , , , , , , , ,1,
Saxifraga granulata,,N,1,1,1,1, ,1,1, , ,1,1,1, , ,1,1,1, ,1,1,1,1, ,1,17,
Saxifraga hirculus,,N, , , , ,1, , , , , ,1, , , , , , , , , , , , , ,2,
Saxifraga hypnoides,,N, ,1, , , ,1, ,1, , ,1,1, , , ,1, ,1,1,1, ,1, , ,10,
Saxifraga nivalis,,N, ,1, , , , , , , , ,1,1, , , , , ,1, , , , , , ,4,
Saxifraga oppositifolia,,N, ,1, , , , , , , , , ,1, , , ,1, ,1, , , , , , ,4,
Saxifraga stellaris,,N, ,1, , , ,1, ,1, , ,1,1, , ,1, , ,1,1, , , , , ,8,
Saxifraga tridactylites,,N,1, ,1, , , ,1, , , ,1,1, , , , ,1, ,1,1,1,1,1, ,11,
Scabiosa columbaria,,N, , ,1,1, , , , , ,1,1, ,1,1,1, ,1, ,1,1,1,1,1,1,14,
Scandix pecten-veneris,,AR, , ,1, , , , , , ,1,1, ,1, , , ,1, ,1, , , , ,1,7,
Schoenoplectus lacustris,,N,1, ,1,1, ,1, , , , ,1,1, ,1, , ,1,1, ,1,1,1, ,1,13,
Schoenoplectus pungens,,NA, , , , , , , , , , , , , , , , , , , ,1, , , , ,1,
Schoenoplectus tabernaemontani,,N,1,1, ,1,1,1, , ,1,1,1, , ,1,1, ,1,1,1,1,1,1,1,1,18,
Schoenus nigricans,,N,1,1,1,1, ,1, ,1,1,1, ,1,1,1,1,1,1, ,1,1, , , , ,16,
Scilla autumnalis,,N, , , , , , , , ,1, , , , , , , , , , , , , , , ,1,
Scilla verna,,N,1,1, ,1, ,1, , ,1, , , , , , , , , ,1, , , , , ,6,
Scirpus sylvaticus,,N, ,1,1,1, ,1,1, ,1,1,1, ,1, ,1,1, , ,1,1,1,1,1,1,17,
Scleranthus annuus,,N, , ,1,1, ,1, ,1, ,1, ,1,1, ,1, ,1, ,1, ,1,1, ,1,13,
Scleranthus perennis,,N, , , , , , , , , , , , , , , , ,1, , , , , , , ,1,
Scorzonera humilis,,NA, , , , , , , , , ,1, , , , , , , , , , , , , , ,1,
Scrophularia auriculata,,N, , , , , , , , , , , , , , , , , , ,1,1, , , , ,2,
Scrophularia nodosa,,N, , , , , , , , , , , , , ,1, , , ,1, , , , , , ,2,
Scrophularia umbrosa,,N, , ,1, , , , , , , , , , , ,1, ,1, , ,1,1, , ,1,6,
Scutellaria galericulata,,N,1,1,1,1, ,1, ,1,1,1,1,1,1, , ,1,1,1,1,1,1,1,1, ,19,
Scutellaria minor,,N,1, ,1, , ,1,1,1,1,1,1, ,1, ,1,1,1,1,1, ,1, ,1,1,17,
Sedum acre,,N,1, , , , , , ,1,1,1,1, , ,1, ,1, ,1, , , , , , ,8,
Sedum anglicum,,N, , , , , , , , ,1,1, ,1, , , , ,1, ,1,1, , , , ,6,
Sedum forsterianum,,N, , , , , ,1, , , ,1, , , , ,1, , , , , ,1, , , ,4,
Sedum rosea,,N, ,1, ,1,1, , , , , , ,1, , , ,1, , ,1, , , , , ,6,
Sedum telephium,,N, , ,1, , , , ,1, ,1, , ,1, ,1,1,1, , ,1, ,1,1,1,11,
Sedum villosum,,N, ,1, ,1, , , , , , ,1, , , , ,1, , ,1, , , , , ,5,
Selaginella selaginoides,,N,1,1, ,1,1,1, ,1, , , ,1, , ,1,1, , ,1, , , , , ,10,
Senecio aquaticus,,N, ,1, ,1,1, , , , , , ,1, , , , ,1,1, , , ,1,1, ,8,
Senecio erucifolius,,N,1, , , , ,1,1, , , ,1, , , ,1, , , , ,1,1,1,1, ,9,
Senecio sylvaticus,,N, , , , , , , ,1, , , , , , , , , , ,1,1, ,1, ,1,5,
Seriphidium maritimum,,N,1, , ,1, , , , , , , , ,1,1, , ,1, , , , , ,1, ,6,
Serratula tinctoria,,N,1, ,1, , ,1,1, ,1,1,1, ,1,1,1,1, , ,1, ,1,1,1,1,16,
Sesleria caerulea,,N, , , , , , , , , , ,1, , , , , , , ,1,1, , , , ,3,
Sherardia arvensis,,N,1, ,1,1, ,1, ,1,1,1, , , , ,1,1, , ,1,1,1,1, , ,13,
Sibbaldia procumbens,,N, ,1, , , , , , , , , ,1, , , , , ,1, , , , , , ,3,
Sibthorpia europaea,,N, , , , , , , , ,1, , , , , , , , , , , , , , , ,1,
Silaum silaus,,N, , ,1,1, , ,1, , ,1,1, ,1,1,1,1,1, ,1,1,1,1,1, ,15,
Silene acaulis,,N, ,1, , , , , , , , , ,1, , , , , ,1, , , , , , ,3,
Silene conica,,N, , ,1, , , , , , , , , , , , , ,1, , , , , , ,1,3,
Silene dioica,,N, , , , , , , , , , , , , , , , , ,1, , , , , , ,1,
Silene gallica,,AR, , ,1, , ,1, , ,1,1, , ,1, , , ,1, , , , , , ,1,7,
Silene latifolia,,AR, , , , , ,1, , , , , , , , , , , , , , , , , , ,1,
Silene noctiflora,,AR, , , , , , , , , ,1, , ,1, , , ,1, , , , , , ,1,4,
Silene nutans,,N, , , , , , , , , ,1, , ,1, , , , , , , , ,1, , ,3,
Silene otites,,N, , , , , , , , , , , , , , , , ,1, , , , , , , ,1,
Silene uniflora,,N,1,1, ,1,1, , ,1,1, , ,1,1,1, ,1,1, , ,1, , ,1, ,13,
Silene vulgaris,,N, , , ,1, , , , , , , ,1, , ,1, , , ,1,1, , ,1, ,6,
Sison amomum,,N, , ,1, , , ,1, , ,1, , , , , , ,1, , ,1, , ,1, ,6,
Sisymbrium officinale,,AR, , , , , , , ,1, , , , , , , , , , , , , , , , ,1,
Sium latifolium,,N, , ,1, , , , , , , ,1, , ,1, , ,1, , ,1, , , , ,5,
Solanum dulcamara,,N, , , ,1, , , ,1, , , , ,1,1, , , , , , , , , , ,4,
Solidago virgaurea,,N,1, ,1,1,1, , , , , , ,1,1, ,1,1,1, ,1,1,1,1,1,1,15,
Sonchus arvensis,,N, , , , , , , , , , , , , , , , , ,1, , , , , , ,1,
Sonchus oleraceus,,N, , , , , , , ,1, , , , , , , , , , , , , , , , ,1,
Sonchus palustris,,N, , , , , , , , , , , , ,1, , , ,1, , , , , , , ,2,
Sorbus anglica,,NE, , , , , , , , , , , , , , ,1, , , , , ,1, , , ,2,
Sorbus aria,,N, , , , , , , ,1, , , , ,1, , , , , , , , , ,1, ,3,
Sorbus aucuparia,,N, , , , ,1, , , , , ,1, , ,1, , , , , , , , , , ,3,
Sorbus rupicola,,N, ,1, ,1, , , ,1, , ,1,1, , ,1,1, ,1,1, , , , , ,9,
Sorbus torminalis,,N, , , , , ,1,1, ,1,1, , ,1,1,1, , , , , ,1, ,1, ,9,
Sparganium angustifolium,,N, ,1, , ,1,1, ,1, , , , , , ,1, , , , , , , , , ,5,
Sparganium emersum,,N,1, , ,1,1, , ,1,1,1, ,1,1, , , , , , ,1, ,1,1,1,12,
Sparganium erectum,,N, ,1, , ,1, , ,1, , , , , ,1, , , ,1, , , ,1, , ,6,
Sparganium natans,,N,1, , , , , , , , ,1, ,1,1, ,1,1,1,1,1, , , , , ,9,
Spartina anglica,,NE, , , , , , , , , , , , , ,1, , ,1, , , , , , , ,2,
Spartina maritima,,N, , , , , , , , , ,1, , ,1, , , , , , , , , , , ,2,
Spergula arvensis,,N,1,1, , , ,1, , ,1, , ,1, , ,1, , ,1,1, ,1,1, , ,10,
Spergularia marina,,N,1, ,1, , ,1, ,1,1,1,1, , ,1,1,1,1,1,1,1, , ,1, ,15,
Spergularia media,,N,1,1, ,1,1,1, ,1,1,1,1,1,1,1, , ,1,1,1,1, , ,1, ,17,
Spergularia rubra,,N, , , , , , ,1,1, ,1, , , , , ,1,1, ,1,1,1,1,1,1,11,
Spergularia rupicola,,N, , , , , ,1,1, ,1,1, , ,1, , , , , , , , , , , ,5,
Spiranthes spiralis,,N,1, ,1, , ,1, , ,1,1, , ,1, ,1,1,1, , , ,1, , ,1,11,
Spirodela polyrhiza,,N, , , , , , , , , ,1, , ,1, ,1, ,1, , ,1,1,1,1,1,9,
Stachys arvensis,,AR,1, , , , ,1, ,1,1,1, , , , ,1, ,1, , ,1,1,1, ,1,11,
Stachys officinalis,Betonica officinalis,N, , ,1,1, ,1, , ,1,1,1, ,1,1,1, ,1, ,1,1,1,1,1, ,15,
Stachys palustris,,N, ,1, , , , , , , , ,1,1, ,1,1,1, ,1,1, ,1,1,1, ,11,
Stellaria graminea,,N, , , , ,1, , , , , , , , , , , , ,1,1, , , , , ,3,
Stellaria holostea,,N, , , ,1,1, , , , , , , , ,1, , , ,1,1, , , , , ,5,
Stellaria neglecta,,N,1, , , , ,1,1, ,1,1, , , ,1,1,1,1, , ,1,1,1,1, ,13,
Stellaria nemorum,,N, ,1, ,1, ,1,1, , , ,1, , , , ,1, , ,1,1, , , , ,8,
Stellaria pallida,,N,1, ,1,1, ,1,1, ,1,1, ,1,1, ,1,1,1, ,1,1,1, ,1, ,16,
Stellaria palustris,,N,1, ,1,1, , , , , ,1, , ,1, ,1,1,1, , ,1,1, , ,1,11,
Stellaria uliginosa,,N, ,1, , , , , , , ,1, , , ,1, , , , ,1, , , ,1, ,5,
Stratiotes aloides,,NA, , , , , , , , , , ,, , , , ,,1, , ,, , , , ,1,"Not considered native in Durham, MW Yorks or South Lancs"
Suaeda maritima,,N,1,1, , , ,1,1,1,1, ,1,1,1,1,1, ,1,1,1,1, , ,1, ,16,
Suaeda vera,,N, , , , , , , , , ,1,, , ,1, , ,1, , , , , , , ,3,Durham deleted as introduced
Subularia aquatica,,N, , , , , ,1, , , , , ,1, , , , , ,1, , , , , , ,3,
Succisa pratensis,,N,1,1,1, , ,1, , ,1,1,1, ,1,1,1, ,1, ,1, ,1, ,1, ,14,
Symphytum officinale,,N, , , , , , , , , , , , , , , , , , , , , , ,1, ,1,
Symphytum tuberosum,,N, , , , , , , ,1, , , , , , , , , , ,1, , , , , ,2,
Tamus communis,,N, , , , , , , , , , , , , , , ,1, , , ,1, , ,1, ,3,
Taxus baccata,,N, , , , , , , , , , ,1, , , , ,1, , , , , , , , ,2,
Teesdalia nudicaulis,,N, ,1,1, , , ,1, ,1,1, ,1,1,1,1, ,1, ,1,1,1, , ,1,14,
Tephroseris integrifolia,,N,1, ,1, , , , , , ,1, , ,1, , , , , , , , , , , ,4,
Teucrium scorodonia,,N, ,1, , ,1, , , , , , , , ,1, , , , ,1, , , , , ,4,
Thalictrum alpinum,,N, ,1, , , , , ,1, , ,1,1, , , , , ,1, , , , , , ,5,
Thalictrum flavum,,N, , ,1, , , ,1, , ,1,1, ,1,1, ,1,1, , ,1,1,1,1,1,13,
Thalictrum minus,,N,1,1, ,1,1,1,1, ,1, , ,1, ,1,1,1, ,1,1, , , , , ,13,
Thelypteris palustris,,N,1, , , , , ,1, , ,1, , ,1, , ,1,1, , , ,1, , , ,7,
Thesium humifusum,,N, , ,1, , , , , , ,1, , ,1, , , , , , , , , , , ,3,
Thlaspi arvense,,AR, ,1, , , , , , , ,1, , , , ,1, , , , , , ,1,1, ,5,
Thlaspi caerulescens,,N, , , , , , , , , , ,1, , , , ,1, , ,1, , , , , ,3,
Thlaspi perfoliatum,Microthlaspi perfoliatum,N, , , , , , , , , , , , , , , , , , , , , , , ,1,1,Recently discovered in Worcs
Thymus polytrichus,,N,1,1,1,1,1,1,1, ,1,1,1,1,1,1,1,1,1, ,1,1, ,1,1,1,21,
Thymus pulegioides,,N, , , , , , , , , ,1, , ,1, , ,1,1, , , ,1, ,1,1,7,
Thymus serpyllum,,N, , , , , , , , , , , , , , , , ,1, , , , , , , ,1,
Tilia cordata,,N, , ,1, , ,1,1, , ,1,1, ,1,1,1,1, , ,1,1,1,1,1, ,14,
Tilia platyphyllos,,N, , ,1, , , , , , , , , ,1, , , , , , , ,1, ,1, ,4,
Tofieldia pusilla,,N, ,1, , , , , , , , ,1,1, , , , , ,1, , , , , , ,4,
Torilis arvensis,,AR, , ,1, , , , , , , , , ,1, , , , , , , , , , ,1,3,
Torilis japonica,,N, , , , , , , ,1, , , , , , , , , , , ,1, , , , ,2,
Torilis nodosa,,N, , ,1,1, , , , ,1,1, , ,1, ,1, ,1, , ,1,1, ,1,1,11,
Tragopogon pratensis,,N, , , , , , , , , , , ,1, ,1, , , , , , , , , , ,2,
Trichomanes speciosum,,N, , , , , ,1, , , , , , , , , ,1, ,, ,,, , , ,2,"Exclude North Ebudes, South Lancs and Shropshire as only gametophyte stage there"
Trichophorum cespitosum,,N,1,1, ,1, , , , ,1, ,1, ,1,1,1, ,1, ,1,1,1,1,1, ,14,Includes both subsp. cespitosum and subsp. germanicum which are now treated as separate species
Trientalis europaea,,N, ,1, ,1,1, , ,1, , ,1,1, , , ,1, , ,1, , , , , ,8,
Trifolium arvense,,N,1,1,1,1, ,1,1, ,1,1, , ,1, , ,1,1, ,1,1, , ,1,1,15,
Trifolium campestre,,N,1,1,1, , , , ,1, , , ,1, , ,1, , , ,1,1,1,1,1, ,11,
Trifolium fragiferum,,N,1, , , , ,1,1, ,1,1, , ,1, , ,1,1, , ,1, , ,1,1,11,
Trifolium glomeratum,,N, , , , , , , , , ,1, , ,1, , , ,1, , , , , , , ,3,
Trifolium medium,,N,1, ,1,1, , , ,1,1,1, ,1, , , , ,1,1,1, , , ,1, ,11,
Trifolium micranthum,,N,1, , , , , , , , ,1, , , , ,1,1, , , ,1,1,1, , ,7,
Trifolium occidentale,,N,1, , , , , , , ,1, , , , , , , , , , , , , , , ,2,
Trifolium ochroleucon,,N, , , , , , , , , , , , , , , , ,1, , , , , , , ,1,
Trifolium ornithopodioides,,N,1, ,1, , ,1, , ,1,1, , ,1, , , ,1, , , , , ,1,1,9,
Trifolium pratense,,N, , , , ,1, , , , , , , , , , , , , , , , , , , ,1,
Trifolium scabrum,,N,1, ,1, , ,1, , ,1,1, , ,1, , , ,1, , , , , ,1, ,8,
Trifolium squamosum,,N, , , , , , , , , ,1, , ,1, , , , , , , , , , , ,2,
Trifolium striatum,,N,1, ,1,1, , ,1, ,1,1, , ,1, ,1, ,1, ,1,1,1,1,1,1,15,
Trifolium subterraneum,,N,1, ,1, , ,1, , ,1,1, , ,1, , ,1,1, , , , , ,1, ,9,
Trifolium suffocatum,,N, , , , , , , , , ,1, , ,1, , , ,1, , , , , , , ,3,
Triglochin maritimum,,N,1,1, ,1, ,1, , ,1,1,1,1,1,1,1, ,1,1,1,1, , ,1, ,16,
Triglochin palustre,Triglochin palustris,N,1,1, ,1, ,1,1, ,1,1, , ,1, ,1,1,1, ,1,1,1,1,1,1,17,
Tripleurospermum maritimum,,N, ,1, , ,1, , , , , , , ,1, , , ,1, , ,1, , ,1, ,6,
Trisetum flavescens,,N,1, ,1, , ,1, , , ,1, ,1, , ,1,1, , ,1,1,1, ,1, ,11,
Trollius europaeus,,N, ,1, ,1,1,1, , , , ,1,1, , ,1,1, ,1,1,1,1, , , ,12,
Tuberaria guttata,,N,1, , , , , , , , , , , , , , , , , , , , , , , ,1,
Typha angustifolia,,N, , ,1, , , , , , ,1,1, , ,1, ,1,1, , ,1,1,1,1,1,11,
Typha latifolia,,N, , , , , , , ,1, , , , , ,1, , , , , , , , , , ,2,
Ulex europaeus,,N, , , , , , , , , , , , , , , , , , , ,1, , , , ,1,
Ulex gallii,,N,1, , ,1, , , , ,1,1, , ,1, , ,1,1, ,1, , , , ,1,9,
Ulex minor,,N, , ,1, , , , , , ,1, , ,1, , , , , , , , , , , ,3,
Ulmus glabra,,N, ,1, , , , , , , , , , , , , , , ,1, , , , ,1, ,3,
Umbilicus rupestris,,N, , ,1, , , ,1,1, , , , , , , , , , , ,1,1, , ,1,6,
Urtica urens,,AR, , , , , , , ,1, , , , , , , , , , , , , , , , ,1,
Utricularia australis,,N,1, ,1, , ,1, , ,1,1, , ,1, , , , , , , , , , , ,6,
Utricularia intermedia sens.str.,,N, , , , , , , , , , , ,1, , , , ,1,1, , , , , , ,3,
Utricularia minor,,N,1, , , , ,1,1,1,1,1, ,1,1, ,1, ,1,1,, ,1, , , ,12,Delete Northumberland as long extinct
Utricularia stygia,,N, , , , , , , ,1, ,1, , , , , , , , , , , , , , ,2,
Utricularia vulgaris sens.str.,,N, , ,1, , , ,1, , , ,1,1, ,1, ,1,1,1, , , , , , ,8,
Vaccinium microcarpum,,N, ,1, , ,1, , , , , , ,1, , , , , , , , , , , , ,3,
Vaccinium myrtillus,,N,1,1,1, , , ,1, ,1,1,1, ,1,1,1, , , , , ,1,1,1,1,14,
Vaccinium oxycoccos,,N, , , ,1, ,1,1,1, , , ,1,1,1,1,1,1, ,1,1,1,1, ,1,15,
Vaccinium uliginosum,,N, ,1, , , , , , , , ,,1, , , , , , ,1, , , , , ,3,Durham deleted as extinct
Vaccinium vitis-idaea,,N, ,1,1,1,1,1,1, , , ,1, , , ,1,1, ,1,1,1,1,1, , ,14,
Valeriana dioica,,N, , ,1,1, ,1, , , ,1,1, ,1,1,1,1,1, ,1,1,1,1,1,1,16,
Valeriana officinalis,,N, ,1, ,1, , , , , , , ,1, ,1, , , , ,1, , , , , ,5,
Valerianella dentata,,AR, , , , , ,1, , ,1,1, , , , , , ,1, ,1, , , ,1,1,7,
Valerianella locusta,,N,1, , ,1,1, , ,1, , , ,1, , , , ,1,1,1,1, , ,1, ,10,
Valerianella rimosa,,AR, , , , , , , , , , , , ,1, , , , , , , , , , , ,1,
Verbascum nigrum,,N, , , , , , , , ,1, , , , , , , ,1, , , , , , , ,2,
Verbascum pulverulentum,,NA, , , , , , , , , , , , , , , , ,1, , , , , , , ,1,
Verbascum thapsus,,N, , , , , , , ,1, , , , , , , ,1, , , ,1, , , , ,3,
Verbena officinalis,,AR, , , , , , , , , , , , , , , , , , , ,1, , , , ,1,
Veronica agrestis,,AR, , , , , , , ,1, , , , , , , , ,1, ,1, , , , , ,3,
Veronica alpina,,N, ,1, , , , , , , , , , , , , , , , , , , , , , ,1,
Veronica anagallis-aquatica,,N, , ,1, , , , ,1, , , ,1,1,1,1,1, , ,1,1,1,1,1,1,13,
Veronica arvensis,,N, , , , , , , , , , , , , , , , , ,1, , , , , , ,1,
Veronica beccabunga,,N, ,1, , ,1, , , , , , , , , , , , ,1, , , , , , ,3,
Veronica catenata,,N, , ,1,1, , , , , ,1, , ,1, ,1,1, , , ,1,1,1,1, ,10,
Veronica hederifolia,,AR, , , , , , , ,1, , , , , , , , , , , , , ,1, , ,2,
Veronica montana,,N,1,1,1,1,1,1,1,1,1,1,1,1, ,1,1, ,1,1,1,1,1,1,1, ,21,
Veronica officinalis,,N, , , , , , , , ,1,1, , , ,1,1,1,1, ,1,1,1,1, , ,10,
Veronica scutellata,,N,1,1,1,1, ,1,1,1,1,1,1,1,1,1,1,1,1,1,1,1,1,1,1,1,23,
Veronica serpyllifolia,,N, , , , , , ,1, , , , ,1, , , , , , , , , , , , ,2,
Veronica spicata,,N, , , , , , , , , , , , , , ,1, ,1, , , , , , , ,2,
Veronica triphyllos,,AR, , , , , , , , , , , , , , , , ,1, , , , , , , ,1,
Veronica verna,,N, , , , , , , , , , , , , , , , ,1, , , , , , , ,1,
Viburnum lantana,,N, , , , , , , , , , , , , , , , , , , , , , , ,1,1,
Viburnum opulus,,N,1, ,1,1, , , , ,1, ,1,1, ,1, , , ,1, , , , ,1, ,9,
Vicia bithynica,,N, , , , , , , , , ,1, , , , , , , , , , , , , ,1,2,
Vicia cracca,,N, , , , ,1, , , , , , , , , , , , ,1,1, , , , , ,3,
Vicia hirsuta,,N, , , , , , , ,1, , , , , , , , , , ,1, , , , , ,2,
Vicia lathyroides,,N,1,1, ,1, ,1,1,1, ,1, ,1,1, , , ,1, ,1,1,1, ,1,1,15,
Vicia lutea,,N, , , , , , , , , ,1,1, , , , , , , , , , , , , ,2,
Vicia orobus,,N, , , ,1, ,1, , , , , , , , ,1, , ,1, , , , , , ,4,
Vicia parviflora,,N, , , , , , , , , ,1, , , , , , , , , , , , , ,1,2,
Vicia sativa,,N, , , , , , , ,1, , , , , , , , ,1, ,1, , , , , ,3,
Vicia sepium,,N, , , , ,1, , , , , , , , ,1, , , , , , , , ,1, ,3,
Vicia sylvatica,,N, ,1,1,1, ,1,1,1, ,1,1,1,1,1, , , ,1,1, ,1, , ,1,15,
Vicia tetrasperma,,N, , , , , , , , , , , , , , , , , , ,1,1, , , , ,2,
Viola arvensis,,AR, ,1, , , ,1, ,1, , , , , , , , , , , , , , , , ,3,
Viola canina,,N,1,1,1,1, ,1,1,1, ,1,1,1,1, , ,1,1, ,1,1,1, ,1,1,18,
Viola hirta,,N,1, , ,1, , , , ,1,1, , ,1, ,1, ,1, ,1,1, ,1,1, ,11,
Viola lactea,,N,1, ,1, , ,1, , ,1,1, , ,1, , , , , , , , , , , ,6,
Viola lutea,,N, ,1, ,1, ,1,1, , , ,1, , , ,1,1, , ,1, ,1,1, , ,10,
Viola odorata,,N, , , , , , , , , , , , , ,1, , , , , ,1, , , , ,2,
Viola palustris,,N,1,1,1, ,1, ,1, ,1,1,1, ,1,1,1, ,1, ,1,1,1,1,1,1,18,
Viola reichenbachiana,,N,1, ,1, , ,1,1, ,1,1,1, , ,1,1,1,1, ,1,1,1,1,1, ,16,
Viola riviniana,,N, , , , , , ,1, , ,1,1, , ,1, , ,1, ,1, , , , , ,6,
Viola rupestris,,N, , , , , , , , , , ,1, , , , ,1, , , , , , , , ,2,
Viola tricolor,,N,1,1, ,1, ,1, ,1,1,1, ,1, ,1,1,1,1,1,1,1,1, , ,1,17,
Viscum album,,N, , ,1, , , , , , , , , , , , , , , , , , , ,1, ,2,
Vulpia bromoides,,N, , , ,1, , , ,1, , , , , , , , , ,1,1,1, , ,1, ,6,
Vulpia ciliata,,N, , , , , , , , , ,1, , ,1, , , ,1, , , , , , , ,3,
Vulpia fasciculata,,N,1, , , , ,1,1, ,1,1, , ,1, , , ,1, , ,1, , , , ,8,
Vulpia myuros,,AR, , , , , , , , , , , , , , , , , , ,1, , , , , ,1,
Wahlenbergia hederacea,,N, , , , , ,1,1, ,1,1,1, ,1, ,1,1, , , , ,1, ,1, ,10,
Zannichellia palustris,,N, , , ,1, , , , ,1,1, ,1,1,1, ,1,1, ,1,1,1,1,1,1,14,
Zostera marina,,N,1, , , , , , , ,1,1, ,1,1, , , ,1, ,1, , , , , ,7,
Zostera noltei,,N,1, , , , , , , , ,1, ,1,1, , , ,1, ,1, , , , , ,6,Incorporates Zostera angustifolia
,,,,,,,,,,,,,,,,,,,,,,,,,,,,
,,,,,,,,,,,,,,,,,,,,,,,,,,,,
,,,,,,,,,,,,,,,,,,,,,,,,,,,,
,,,,,,,,,,,,,,,,,,,,,,,,,,,,
,,,,,,,,,,,,,,,,,,,,,,,,,,,,
,,,,,,,,,,,,,,,,,,,,,,,,,,,,
,,,,,,,,,,,,,,,,,,,,,,,,,,,,
,,,,,,,,,,,,,,,,,,,,,,,,,,,,
,,,,,,,,,,,,,,,,,,,,,,,,,,,,
,,,,,,,,,,,,,,,,,,,,,,,,,,,,
,,,,,,,,,,,,,,,,,,,,,,,,,,,,
,,,,,,,,,,,,,,,,,,,,,,,,,,,,
,,,,,,,,,,,,,,,,,,,,,,,,,,,,
,,,,,,,,,,,,,,,,,,,,,,,,,,,,
,,,,,,,,,,,,,,,,,,,,,,,,,,,,
,,,,,,,,,,,,,,,,,,,,,,,,,,,,
,,,,,,,,,,,,,,,,,,,,,,,,,,,,
,,,,,,,,,,,,,,,,,,,,,,,,,,,,
