"NBN Atlas record ID","Occurrence ID","Licence","Rightsholder","Scientific name","Common name","Species ID (TVK)","Taxon Rank","Occurrence status","Start date","Start date day","Start date month","Start date year","End date","End day","End month","End year","Locality","OSGR","Latitude (WGS84)","Longitude (WGS84)","Coordinate uncertainty (m)","Verbatim depth","Recorder","Determiner","Individual count","Abundance","Abundance scale","Organism scope","Organism remarks","Sex","Life stage","Occurrence remarks","Identification verification status","Basis of record","Survey key","Dataset name","Dataset ID","Data provider","Data provider ID","Institution code","Kingdom","Phylum","Class","Order","Family","Genus","OSGR 100km","OSGR 10km","OSGR 2km","OSGR 1km","Country","State/Province"
"ffffd345-b275-42ef-a683-aadf47cc8143","601493","CC-BY","Shropshire Ecological Data Network","Festuca rubra","Red Fescue","NHMSYS0000458790","species","present","2010-08-01","01","08","2010","","","","","Lower House, Llanymynech","SJ2720","52.7772","-3.07621","1000.0","","Lockton, Mr A.J.","N/A","","","","","","","","","Accepted","HumanObservation","","Shropshire Ecological Data Network database","dr782","Shropshire Ecological Data Network","dp120","","Plantae","Tracheophyta","Magnoliopsida","Poales","Poaceae","Festuca","SJ","SJ22","SJ22Q","SJ2720","United Kingdom","England"
"fffe3346-61af-4951-9fc2-27e0f1ce9315","364130820","CC-BY","","Epilobium montanum","Broad-Leaved Willowherb","NBNSYS0000003546","species","present","2004-08-15","15","08","2004","2004-08-15","15","08","2004","","SO66E","52.31771","-2.57356","2000.0","","","","","","","","","","","","Accepted","HumanObservation","1","Flora of Worcestershire","dr1323","Botanical Society of Britain & Ireland","dp91","Worcestershire Flora Project","Plantae","Tracheophyta","Magnoliopsida","Myrtales","Onagraceae","Epilobium","SO","SO66","SO66E","","United Kingdom","England"
"fffd7c8a-cb83-4b02-a02e-cbc6f20cdeda","804475","CC-BY","Shropshire Ecological Data Network","Corylus avellana","Hazelnut","NBNSYS0000003839","species","present","1996-08-07","07","08","1996","","","","","Bitterley Court","SO570771","52.39068","-2.63255","100.0","","Whild, Dr S.J., Lockton, Mr A.J.","N/A","","","","","","","","","Accepted","HumanObservation","","Shropshire Ecological Data Network database","dr782","Shropshire Ecological Data Network","dp120","","Plantae","Tracheophyta","Magnoliopsida","Fagales","Betulaceae","Corylus","SO","SO57","SO57T","SO5777","United Kingdom","England"
"fffd5714-b8f1-43a6-ab0c-aebd42ed0357","143320","CC-BY","Shropshire Ecological Data Network","Agrostis stolonifera","Creeping Bent","NBNSYS0000002640","species","present","2009-08-17","17","08","2009","","","","","Cleestanton","SO5779","52.41184","-2.62624","1000.0","","Green, Mr I.P.","N/A","","","","","","","","","Accepted","HumanObservation","","Shropshire Ecological Data Network database","dr782","Shropshire Ecological Data Network","dp120","","Plantae","Tracheophyta","Magnoliopsida","Poales","Poaceae","Agrostis","SO","SO57","SO57U","SO5779","United Kingdom","England"
"fffc56ba-6510-45a9-b5c2-9fe1d157c442","842654","CC-BY","Shropshire Ecological Data Network","Viburnum opulus","Guelder-Rose","NBNSYS0000004328","species","present","2012-08-30","30","08","2012","","","","","Cambrian Heritage Railway, Porth-y-waen","SJ2623","52.80402","-3.09171","1000.0","","Thorne, Dr A.K., Andrew, Mr A.","N/A","","","","","","","","","Accepted","HumanObservation","","Shropshire Ecological Data Network database","dr782","Shropshire Ecological Data Network","dp120","","Plantae","Tracheophyta","Magnoliopsida","Dipsacales","Adoxaceae","Viburnum","SJ","SJ22","SJ22R","SJ2623","United Kingdom","England"
"fffbc829-6b4e-415a-bc76-6f98732867d0","199541","CC-BY","Shropshire Ecological Data Network","Atriplex patula","Common Orache","NBNSYS0000003111","species","present","2008-08-11","11","08","2008","","","","","Spurtree","SO603694","52.32171","-2.58315","100.0","","Duffell, Mr M.S.","N/A","","","","","","","","","Accepted","HumanObservation","","Shropshire Ecological Data Network database","dr782","Shropshire Ecological Data Network","dp120","","Plantae","Tracheophyta","Magnoliopsida","Caryophyllales","Amaranthaceae","Atriplex","SO","SO66","SO66E","SO6069","United Kingdom","England"
"fff8e34a-5b5d-42b9-a400-0126ddd3ffbb","363971292","CC-BY","","Danthonia decumbens","Heath-Grass","NBNSYS0000002500","species","present","1992-08-06","06","08","1992","1992-08-06","06","08","1992","","SO77C","52.37227","-2.42738","2000.0","","","","","","","","","","","","Accepted","HumanObservation","1","Flora of Worcestershire","dr1323","Botanical Society of Britain & Ireland","dp91","Worcestershire Flora Project","Plantae","Tracheophyta","Magnoliopsida","Poales","Poaceae","Danthonia","SO","SO77","SO77C","","United Kingdom","England"
"fff7906a-da89-4aa9-8b98-657d10a5aee2","262297","CC-BY","Shropshire Ecological Data Network","Chamerion angustifolium","Rosebay Willowherb","NBNSYS0000003598","species","present","1979-08-01","01","08","1979","","","","","Oswestry Railway Station","SJ294298","52.86149","-3.04933","100.0","","Pugh, Miss E.D.","N/A","","","","","","","","","Accepted","HumanObservation","","Shropshire Ecological Data Network database","dr782","Shropshire Ecological Data Network","dp120","","Plantae","Tracheophyta","Magnoliopsida","Myrtales","Onagraceae","Chamerion","SJ","SJ22","SJ22Z","SJ2929","United Kingdom","England"
"fff6e136-f79b-46d2-9de4-72407b891f17","689113","CC-BY","Shropshire Ecological Data Network","Hypericum tetrapterum","Square St. John's Wort","NHMSYS0000459860","species","present","1974-08-11","11","08","1974","","","","","Easthope Pools","SO5694","52.5466","-2.6429","1000.0","","Perring, Dr F.H.","N/A","","","","","","","","","Accepted","HumanObservation","","Shropshire Ecological Data Network database","dr782","Shropshire Ecological Data Network","dp120","","Plantae","Tracheophyta","Magnoliopsida","Malpighiales","Hypericaceae","Hypericum","SO","SO59","SO59S","SO5694","United Kingdom","England"
"fff4a683-c162-4bb1-8e3b-0605b97366e4","884076","CC-BY","Shropshire Ecological Data Network","Scorzoneroides autumnalis","Autumnal Hawkbit","NHMSYS0021126374","species","present","2015-08-19","19","08","2015","","","","","Graig Farm","SO252752","52.37018","-3.09934","100.0","","Clayfield, Mr J.","N/A","","","","","","","","","Accepted","HumanObservation","","Shropshire Ecological Data Network database","dr782","Shropshire Ecological Data Network","dp120","","Plantae","Tracheophyta","Magnoliopsida","Asterales","Asteraceae","Scorzoneroides","SO","SO27","SO27M","SO2575","United Kingdom","England"
"fff45fee-2f13-474d-af7b-d9c360aa41d3","292493","CC-BY","Shropshire Ecological Data Network","Rumex obtusifolius","Broad-Leaved Dock","NBNSYS0000003791","species","present","1977-08-04","04","08","1977","","","","","Loamhole Dingle","SJ6605","52.64619","-2.49656","1000.0","","Bolt, Mr I.","N/A","","","","","","","","","Accepted","HumanObservation","","Shropshire Ecological Data Network database","dr782","Shropshire Ecological Data Network","dp120","","Plantae","Tracheophyta","Magnoliopsida","Caryophyllales","Polygonaceae","Rumex","SJ","SJ60","SJ60S","SJ6605","United Kingdom","England"
"fff45213-ca82-4a34-a01b-86e0c587e347","407992","CC-BY","Shropshire Ecological Data Network","Cirsium palustre","Marsh Thistle","NBNSYS0000004491","species","present","1995-08-06","06","08","1995","","","","","Shropshire","SO69Q","52.51588","-2.48772","2.0","","Trueman, Prof I.C., Whild, Dr S.J., Ashwell, Mrs A., Lockton, Mr A.J.","N/A","","","","","","","","","Accepted","HumanObservation","","Shropshire Ecological Data Network database","dr782","Shropshire Ecological Data Network","dp120","","Plantae","Tracheophyta","Magnoliopsida","Asterales","Asteraceae","Cirsium","SO","SO69","SO69Q","","United Kingdom","England"
"fff3441b-56f9-4d4f-9086-42b260fbe28b","95218","CC-BY","Shropshire Ecological Data Network","Iris pseudacorus","Yellow Iris","NBNSYS0000002269","species","present","2010-08-22","22","08","2010","","","","","Broadstone, Munslow","SO5489","52.50149","-2.67171","1000.0","","Whild, Dr S.J., Lockton, Mr A.J.","N/A","","","","","","","","","Accepted","HumanObservation","","Shropshire Ecological Data Network database","dr782","Shropshire Ecological Data Network","dp120","","Plantae","Tracheophyta","Magnoliopsida","Asparagales","Iridaceae","Iris","SO","SO58","SO58P","SO5489","United Kingdom","England"
"fff2a8db-041f-4aa0-84b8-025b590c121a","115925","CC-BY","Shropshire Ecological Data Network","Glyceria declinata","Small Sweet-Grass","NHMSYS0000459086","species","present","2011-08-12","12","08","2011","","","","","Brown Clee","SO59668667","52.4765","-2.59528","10.0","","Whild, Dr S.J., Trueman, Prof I.C., Handley, Mr J.","N/A","","","","","","","","","Accepted","HumanObservation","","Shropshire Ecological Data Network database","dr782","Shropshire Ecological Data Network","dp120","","Plantae","Tracheophyta","Magnoliopsida","Poales","Poaceae","Glyceria","SO","SO58","SO58Y","SO5986","United Kingdom","England"
"fff0ea4d-cfbc-44e9-96e4-5adef74edc9c","247913","CC-BY","Shropshire Ecological Data Network","Geum urbanum","Wood Avens","NBNSYS0000003361","species","present","2010-08-19","19","08","2010","","","","","The Speller","SO5189","52.50123","-2.7159","1000.0","","Lockton, Mr A.J.","N/A","","","","","","","","","Accepted","HumanObservation","","Shropshire Ecological Data Network database","dr782","Shropshire Ecological Data Network","dp120","","Plantae","Tracheophyta","Magnoliopsida","Rosales","Rosaceae","Geum","SO","SO58","SO58E","SO5189","United Kingdom","England"
"fff07f36-8ecb-49b0-b472-79599b22c2d5","909206","CC-BY","Shropshire Ecological Data Network","Euphrasia officinalis agg.","","NHMSYS0000458671","unranked","present","1958-08-30","30","08","1958","","","","","Billings Ring","SO3687","52.48171","-2.93646","1000.0","","Rutter, Mr E.M.","N/A","","","","","","","","","Accepted","HumanObservation","","Shropshire Ecological Data Network database","dr782","Shropshire Ecological Data Network","dp120","","Plantae","Tracheophyta","Magnoliopsida","Lamiales","Orobanchaceae","Euphrasia","SO","SO38","SO38T","SO3687","United Kingdom","England"
"fff01a4f-8486-4eae-9cd7-221050b7f887","364647","CC-BY","Shropshire Ecological Data Network","Plantago lanceolata","Ribwort Plantain","NBNSYS0000004275","species","present","1994-08-02","02","08","1994","","","","","Stoke Park","SJ652271","52.84073","-2.51734","100.0","","Whild, Dr S.J., Lockton, Mr A.J.","N/A","","","","","","","","","Accepted","HumanObservation","","Shropshire Ecological Data Network database","dr782","Shropshire Ecological Data Network","dp120","","Plantae","Tracheophyta","Magnoliopsida","Lamiales","Plantaginaceae","Plantago","SJ","SJ62","SJ62N","SJ6527","United Kingdom","England"
"ffef92bb-5ba6-4e57-8ae7-b8b56dac9d72","174344","CC-BY","Shropshire Ecological Data Network","Cardamine hirsuta","Hairy Bitter-Cress","NBNSYS0000002876","species","present","2015-08-17","17","08","2015","","","","","Caer Caradoc","SO4795","52.5548","-2.77577","1000.0","","Green, Mr P.R.","N/A","","","","","","","","","Accepted","HumanObservation","","Shropshire Ecological Data Network database","dr782","Shropshire Ecological Data Network","dp120","","Plantae","Tracheophyta","Magnoliopsida","Brassicales","Brassicaceae","Cardamine","SO","SO49","SO49S","SO4795","United Kingdom","England"
"ffebdee1-0317-4380-9103-44f5d1cc0186","363623254","CC-BY","","Myosotis scorpioides","Water Forget-Me-Not","NBNSYS0000004005","species","present","1982-08-17","17","08","1982","1982-08-17","17","08","1982","","SO67X","52.37216","-2.45676","2000.0","","","","","","","","","","","","Accepted","HumanObservation","1","Flora of Worcestershire","dr1323","Botanical Society of Britain & Ireland","dp91","Worcestershire Flora Project","Plantae","Tracheophyta","Magnoliopsida","","Boraginaceae","Myosotis","SO","SO67","SO67X","","United Kingdom","England"
"ffea3aba-6a6f-4918-9e3b-e0ee417daac3","129888","CC-BY","Shropshire Ecological Data Network","Briza media","Quaking-Grass","NBNSYS0000002565","species","present","1994-08-23","23","08","1994","","","","","Gorstley Rough","SO590748","52.37016","-2.60288","100.0","","Wrench, Mr D.H.","N/A","","","","","","","","","Accepted","HumanObservation","","Shropshire Ecological Data Network database","dr782","Shropshire Ecological Data Network","dp120","","Plantae","Tracheophyta","Magnoliopsida","Poales","Poaceae","Briza","SO","SO57","SO57X","SO5974","United Kingdom","England"
"ffea33c9-8d70-4785-a38f-d62ff4f7242f","400422","CC-BY","Shropshire Ecological Data Network","Artemisia vulgaris","Mugwort","NBNSYS0000004469","species","present","1987-08-26","26","08","1987","","","","","Trench Pool","SJ6812","52.70924","-2.46767","1000.0","","Rapson, Ms J., Connelly, Ms J.","N/A","","","","","","","","","Accepted","HumanObservation","","Shropshire Ecological Data Network database","dr782","Shropshire Ecological Data Network","dp120","","Plantae","Tracheophyta","Magnoliopsida","Asterales","Asteraceae","Artemisia","SJ","SJ61","SJ61W","SJ6812","United Kingdom","England"
"ffea0852-b1f9-419c-a1e1-a94b2249a758","524061197","CC-BY-NC","","Crataegus monogyna","Hawthorn","NBNSYS0000003430","species","present","1997-08-29","29","08","1997","1997-08-29","29","08","1997","","SJ71","52.73205","-2.37166","10000.0","","","","","","","","","","","","Unconfirmed","HumanObservation","SR0000110000005J","SER Site-based Surveys","dr1399","Staffordshire Ecological Record","dp134","Staffordshire Ecological Record","Plantae","Tracheophyta","Magnoliopsida","Rosales","Rosaceae","Crataegus","SJ","SJ71","","","United Kingdom","England"
"ffe96e45-d1eb-48f8-84cb-2226df6ea43f","370674","CC-BY","Shropshire Ecological Data Network","Galium saxatile","Heath Bedstraw","NBNSYS0000004310","species","present","2015-08-16","16","08","2015","","","","","Myndtown","SO3989","52.50003","-2.89265","1000.0","","Green, Mr P.R.","N/A","","","","","","","","","Accepted","HumanObservation","","Shropshire Ecological Data Network database","dr782","Shropshire Ecological Data Network","dp120","","Plantae","Tracheophyta","Magnoliopsida","Gentianales","Rubiaceae","Galium","SO","SO38","SO38Z","SO3989","United Kingdom","England"
"ffe7f1f7-607d-4ce9-aa05-539269df1b83","524173249","CC-BY-NC","","Prunella vulgaris","Selfheal","NBNSYS0000004225","species","present","2000-08-14","14","08","2000","2000-08-14","14","08","2000","","SJ71","52.73205","-2.37166","10000.0","","","","","","","","","","","","Unconfirmed","HumanObservation","SR0000110000002X","Data from Defra Family Organisations supplied to Staffordshire Ecological Record","dr1327","Staffordshire Ecological Record","dp134","Staffordshire Ecological Record","Plantae","Tracheophyta","Magnoliopsida","Lamiales","Lamiaceae","Prunella","SJ","SJ71","","","United Kingdom","England"
"ffe7edec-d81d-4b7b-85e0-5f17cab093f2","73565","CC-BY","Shropshire Ecological Data Network","Asplenium ruta-muraria","Wall-Rue","NBNSYS0000002050","species","present","2005-08-09","09","08","2005","","","","","River Teme at Ludlow","SO5074","52.3663","-2.7284","1000.0","","Lockton, Mr A.J., Godfrey, Sqn Ldr M F","N/A","","","","","","","","","Accepted","HumanObservation","","Shropshire Ecological Data Network database","dr782","Shropshire Ecological Data Network","dp120","","Plantae","Pteridophyta","Polypodiopsida","Polypodiales","Aspleniaceae","Asplenium","SO","SO57","SO57C","SO5074","United Kingdom","England"
"ffe77d73-65fc-4e12-8af6-7391e1bc82f8","103428","CC-BY","Shropshire Ecological Data Network","Sparganium erectum","Branched Bur-Reed","NBNSYS0000002361","species","present","1968-08-21","21","08","1968","","","","","Marton Pool, Baschurch","SJ4423","52.80618","-2.82474","1000.0","","Fuller, Mr C., Richards, Mr P.","N/A","","","","","","","","","Accepted","HumanObservation","","Shropshire Ecological Data Network database","dr782","Shropshire Ecological Data Network","dp120","","Plantae","Tracheophyta","Magnoliopsida","Poales","Typhaceae","Sparganium","SJ","SJ42","SJ42L","SJ4423","United Kingdom","England"
"ffe6741a-4b40-413a-9293-0bfb47f0fda3","412822","CC-BY","Shropshire Ecological Data Network","Centaurea nigra","Common Knapweed","NBNSYS0000004506","species","present","1981-08-01","01","08","1981","","","","","Netchwood Common","SO614914","52.51956","-2.56956","100.0","","Saville, Miss K.M.","N/A","","","","","","","","","Accepted","HumanObservation","","Shropshire Ecological Data Network database","dr782","Shropshire Ecological Data Network","dp120","","Plantae","Tracheophyta","Magnoliopsida","Asterales","Asteraceae","Centaurea","SO","SO69","SO69A","SO6191","United Kingdom","England"
"ffe64aa7-08fb-4c66-8255-355013553a78","559515","CC-BY","Shropshire Ecological Data Network","Rhytidiadelphus squarrosus","Springy Turf-moss","NBNSYS0000022280","species","present","1994-08-12","12","08","1994","","","","","Barnslands Valley","SO66587411","52.36406","-2.49214","10.0","","Wrench, Mr D.H.","N/A","","","","","","","","","Accepted","HumanObservation","","Shropshire Ecological Data Network database","dr782","Shropshire Ecological Data Network","dp120","","Plantae","Bryophyta","Bryopsida","Hypnales","Hylocomiaceae","Rhytidiadelphus","SO","SO67","SO67S","SO6674","United Kingdom","England"
"ffe56ee0-05bf-4f70-bc1d-c1c070b7cd75","543328570","CC-BY","","Pleurozium schreberi","Red-stemmed Feather-moss","NHMSYS0000310352","species","present","1994-08-03","03","08","1994","1994-08-03","03","08","1994","Silvington Hill","SO619785","52.40363","-2.56071","100.0","","Duckworth, J.C.; Walker, C.; Wrench, D.H.","","","","","","","","","","Accepted","HumanObservation","417","Bryophyte data for Great Britain from the British Bryological Society held by BRC: Atlas 2014","dr859","British Bryological Society","dp74","British Bryological Society","Plantae","Bryophyta","Bryopsida","Hypnales","Hylocomiaceae","Pleurozium","SO","SO67","SO67E","SO6178","United Kingdom","England"
"ffe1dcb6-850c-4798-b099-392092a4d490","553839057","OGL","","Alopecurus pratensis","Meadow Foxtail","NBNSYS0000002656","species","present","1994-08-03","03","08","1994","1994-08-03","03","08","1994","","SO6277","52.39423","-2.55251","1000.0","","","","","","","","","","","","Accepted","HumanObservation","1","Environmental Monitoring Database Species data 1987 to 2015","dr961","Natural England","dp83","Natural England","Plantae","Tracheophyta","Magnoliopsida","Poales","Poaceae","Alopecurus","SO","SO67","SO67I","SO6277","United Kingdom","England"
"ffe050c7-a762-43e3-ae4c-41efd025a8bc","647496","CC-BY","Shropshire Ecological Data Network","Bryum pseudotriquetrum","Marsh Bryum","NHMSYS0000309510","species","present","1977-08-01","01","08","1977","","","","","Ashes Hollow","SO4293","52.53631","-2.84916","1000.0","","Anon.","N/A","","","","","","","","","Accepted","HumanObservation","","Shropshire Ecological Data Network database","dr782","Shropshire Ecological Data Network","dp120","","Plantae","Bryophyta","Bryopsida","Bryales","Bryaceae","Bryum","SO","SO49","SO49G","SO4293","United Kingdom","England"
"ffdf72b6-65bb-47d0-b7e2-91c6ffe1a4c4","861251","CC-BY","Shropshire Ecological Data Network","Silene gallica","Small-Flowered Catchfly","NBNSYS0000002991","species","present","2009-08-02","02","08","2009","","","","","Cabin Gutter","SO221835","52.44435","-3.14679","100.0","","Button, Mr N.","Whild, Dr S.J.","","","","","","","","","Accepted","HumanObservation","","Shropshire Ecological Data Network database","dr782","Shropshire Ecological Data Network","dp120","","Plantae","Tracheophyta","Magnoliopsida","Caryophyllales","Caryophyllaceae","Silene","SO","SO28","SO28G","SO2283","United Kingdom","England"
"ffdcd62f-727a-40c8-9355-95c17c4bc4ff","251358","CC-BY","Shropshire Ecological Data Network","Prunus cerasus","Dwarf Cherry","NBNSYS0000003418","species","present","1996-08-18","18","08","1996","","","","","Shotton","SJ4921","52.7887","-2.75027","1000.0","","Thompson, Mr J.A.","N/A","","","","","","","","","Accepted","HumanObservation","","Shropshire Ecological Data Network database","dr782","Shropshire Ecological Data Network","dp120","","Plantae","Tracheophyta","Magnoliopsida","Rosales","Rosaceae","Prunus","SJ","SJ42","SJ42V","SJ4921","United Kingdom","England"
"ffdc909e-9021-49ce-bc60-c53dcc1fd911","666267","CC-BY","Shropshire Ecological Data Network","Berula erecta","Lesser Water-Parsnip","NHMSYS0000456451","species","present","2009-08-03","03","08","2009","","","","","River Roden west of Tilley","SJ50012799","52.84713","-2.74363","10.0","","Lockton, Mr A.J.","N/A","","","","","","","","","Accepted","HumanObservation","","Shropshire Ecological Data Network database","dr782","Shropshire Ecological Data Network","dp120","","Plantae","Tracheophyta","Magnoliopsida","Apiales","Apiaceae","Berula","SJ","SJ52","SJ52D","SJ5027","United Kingdom","England"
"ffdc7383-d5ab-4b58-9189-7d285f485e2f","417190","CC-BY","Shropshire Ecological Data Network","Hypochaeris radicata","Cat's-Ear","NBNSYS0000004518","species","present","2012-08-01","01","08","2012","","","","","Ryton","SJ4903","52.6269","-2.74749","1000.0","","Thorne, Dr A.K.","N/A","","","","","","","","","Accepted","HumanObservation","","Shropshire Ecological Data Network database","dr782","Shropshire Ecological Data Network","dp120","","Plantae","Tracheophyta","Magnoliopsida","Asterales","Asteraceae","Hypochaeris","SJ","SJ40","SJ40W","SJ4903","United Kingdom","England"
"ffdb9de9-6ebb-4b9e-81d6-82d80d59e666","350138","CC-BY","Shropshire Ecological Data Network","Ballota nigra","Black Horehound","NBNSYS0000004238","species","present","1864-08-26","26","08","1864","","","","","Shrawardine","SJ3915","52.73374","-2.89742","1000.0","","Lloyd, Miss C.E.","N/A","","","","","","","","","Accepted","HumanObservation","","Shropshire Ecological Data Network database","dr782","Shropshire Ecological Data Network","dp120","","Plantae","Tracheophyta","Magnoliopsida","Lamiales","Lamiaceae","Ballota","SJ","SJ31","SJ31X","SJ3915","United Kingdom","England"
"ffd4961c-8664-4191-9233-b76e7d1d75e7","376126","CC-BY","Shropshire Ecological Data Network","Galium aparine","Cleavers","NBNSYS0000004319","species","present","2008-08-27","27","08","2008","","","","","Wrentnall","SJ4203","52.6262","-2.8509","1000.0","","Duffell, Mr M.S.","N/A","","","","","","","","","Accepted","HumanObservation","","Shropshire Ecological Data Network database","dr782","Shropshire Ecological Data Network","dp120","","Plantae","Tracheophyta","Magnoliopsida","Gentianales","Rubiaceae","Galium","SJ","SJ40","SJ40G","SJ4203","United Kingdom","England"
"ffd26cde-f93b-45a3-8cdb-fda0f57109df","610084","CC-BY","Shropshire Ecological Data Network","Phleum pratense","Timothy Grass","NHMSYS0000461024","species","present","2004-08-01","01","08","2004","","","","","Shropshire","SJ43C","52.90917","-2.87874","2.0","","Thorne, Dr A.K.","N/A","","","","","","","","","Accepted","HumanObservation","","Shropshire Ecological Data Network database","dr782","Shropshire Ecological Data Network","dp120","","Plantae","Tracheophyta","Magnoliopsida","Poales","Poaceae","Phleum","SJ","SJ43","SJ43C","","United Kingdom","England"
"ffd21935-2af4-464a-b278-63aa0c6bcccb","544061355","CC-BY","","Sphagnum cuspidatum","Feathery Bog-moss","NBNSYS0000036095","species","present","","","08","1892","","","08","1892","Wilderley Hill","SJ4100","52.59913","-2.86514","1000.0","","Benson, R. de G.","","","","","","","","","Sphagnum cuspidatum Ehrh.","Accepted","HumanObservation","417","Bryophyte data for Great Britain from the British Bryological Society held by BRC: Atlas 2014","dr859","British Bryological Society","dp74","British Bryological Society","Plantae","Bryophyta","Sphagnopsida","Sphagnales","Sphagnaceae","Sphagnum","SJ","SJ40","SJ40A","SJ4100","United Kingdom","England"
"ffd1cd39-6010-4cff-a683-de1264f8c898","379951","CC-BY","Shropshire Ecological Data Network","Valeriana officinalis","Common Valerian","NBNSYS0000004343","species","present","1979-08-06","06","08","1979","","","","","Gatten","SO3898","52.58082","-2.90905","1000.0","","Warren, Mrs J.A.","N/A","","","","","","","","","Accepted","HumanObservation","","Shropshire Ecological Data Network database","dr782","Shropshire Ecological Data Network","dp120","","Plantae","Tracheophyta","Magnoliopsida","Dipsacales","Caprifoliaceae","Valeriana","SO","SO39","SO39Z","SO3898","United Kingdom","England"
"ffd19424-16af-4e5f-880b-7b92454fe189","137708","CC-BY","Shropshire Ecological Data Network","Holcus mollis","Creeping Soft-Grass","NBNSYS0000002620","species","present","2009-08-15","15","08","2009","","","","","Overton","SO6686","52.47539","-2.49464","1000.0","","Green, Mr I.P.","N/A","","","","","","","","","Accepted","HumanObservation","","Shropshire Ecological Data Network database","dr782","Shropshire Ecological Data Network","dp120","","Plantae","Tracheophyta","Magnoliopsida","Poales","Poaceae","Holcus","SO","SO68","SO68T","SO6686","United Kingdom","England"
"ffd1726a-e522-42aa-9810-4aa4cd9bd8bc","288486","CC-BY","Shropshire Ecological Data Network","Rumex acetosa","Common Sorrel","NBNSYS0000003778","species","present","1994-08-11","11","08","1994","","","","","Cadbury","SO613735","52.35864","-2.56895","100.0","","Wrench, Mr D.H., Duckworth, Dr J.C.","N/A","","","","","","","","","Accepted","HumanObservation","","Shropshire Ecological Data Network database","dr782","Shropshire Ecological Data Network","dp120","","Plantae","Tracheophyta","Magnoliopsida","Caryophyllales","Polygonaceae","Rumex","SO","SO67","SO67B","SO6173","United Kingdom","England"
"ffcf6997-7593-4ea9-8fb1-06e67e3ad21b","404128","CC-BY","Shropshire Ecological Data Network","Cirsium vulgare","Spear Thistle","NBNSYS0000004490","species","present","2008-08-19","19","08","2008","","","","","Bicton, Clun","SO291832","52.4426","-3.04376","100.0","","Gomersall, Mrs F.J.","N/A","","","","","","","","","Accepted","HumanObservation","","Shropshire Ecological Data Network database","dr782","Shropshire Ecological Data Network","dp120","","Plantae","Tracheophyta","Magnoliopsida","Asterales","Asteraceae","Cirsium","SO","SO28","SO28W","SO2983","United Kingdom","England"
"ffce84ea-68a0-4b0c-8d47-0ed55e847a0d","689423","CC-BY","Shropshire Ecological Data Network","Hypericum tetrapterum","Square St. John's Wort","NHMSYS0000459860","species","present","1988-08-17","17","08","1988","","","","","The Berth","SJ4223","52.80597","-2.8544","1000.0","","Parker, Mrs P.","N/A","","","","","","","","","Accepted","HumanObservation","","Shropshire Ecological Data Network database","dr782","Shropshire Ecological Data Network","dp120","","Plantae","Tracheophyta","Magnoliopsida","Malpighiales","Hypericaceae","Hypericum","SJ","SJ42","SJ42G","SJ4223","United Kingdom","England"
"ffce78d5-4554-4e88-9649-120c1eeb87b4","607793","CC-BY","Shropshire Ecological Data Network","Malus sylvestris","Crab Apple","NHMSYS0000460572","species","present","2009-08-17","17","08","2009","","","","","Furlong","SO5681","52.42974","-2.6412","1000.0","","Green, Mr I.P.","N/A","","","","","","","","","Accepted","HumanObservation","","Shropshire Ecological Data Network database","dr782","Shropshire Ecological Data Network","dp120","","Plantae","Tracheophyta","Magnoliopsida","Rosales","Rosaceae","Malus","SO","SO58","SO58Q","SO5681","United Kingdom","England"
"ffce4eb4-e39e-471e-a958-af6fbec95ba3","361905","CC-BY","Shropshire Ecological Data Network","Plantago major","Greater Plantain","NBNSYS0000004273","species","present","1987-08-20","20","08","1987","","","","","Waters Upton","SJ6219","52.77178","-2.55728","1000.0","","Connelly, Ms J., Rapson, Ms J.","N/A","","","","","","","","","Accepted","HumanObservation","","Shropshire Ecological Data Network database","dr782","Shropshire Ecological Data Network","dp120","","Plantae","Tracheophyta","Magnoliopsida","Lamiales","Plantaginaceae","Plantago","SJ","SJ61","SJ61J","SJ6219","United Kingdom","England"
"ffcdeb58-4571-44ac-ab48-834351ba370c","816270","CC-BY","Shropshire Ecological Data Network","Fraxinus excelsior","Ash","NBNSYS0000003949","species","present","2009-08-18","18","08","2009","","","","","Medley Park","SO4782","52.43794","-2.77371","1000.0","","Green, Mr P.R.","N/A","","","","","","","","","Accepted","HumanObservation","","Shropshire Ecological Data Network database","dr782","Shropshire Ecological Data Network","dp120","","Plantae","Tracheophyta","Magnoliopsida","Lamiales","Oleaceae","Fraxinus","SO","SO48","SO48R","SO4782","United Kingdom","England"
"ffcd6b7d-eb4a-441d-80a8-738f2520e882","544412225","CC-BY","","Hygroamblystegium tenax","Fountain Feather-moss","NBNSYS0000149096","species","present","","","08","2000","","","08","2000","Ludlow,R Teme and banks","SO5174","52.36639","-2.71371","1000.0","","Lawley, M.","","","","","","","","","","Accepted","HumanObservation","622","Bryophyte data for Great Britain from the British Bryological Society held by BRC: Atlas 2014","dr859","British Bryological Society","dp74","British Bryological Society","Plantae","Bryophyta","Bryopsida","Hypnales","Amblystegiaceae","Hygroamblystegium","SO","SO57","SO57C","SO5174","United Kingdom","England"
"ffcc78d0-eaff-4e17-90ab-0678db7211be","228126","CC-BY","Shropshire Ecological Data Network","Vicia sepium","Bush Vetch","NBNSYS0000003290","species","present","2003-08-27","27","08","2003","","","","","Lower Frankton","SJ33Q","52.87277","-2.93743","2.0","","Thorne, Dr A.K.","N/A","","","","","","","","","Accepted","HumanObservation","","Shropshire Ecological Data Network database","dr782","Shropshire Ecological Data Network","dp120","","Plantae","Tracheophyta","Magnoliopsida","Fabales","Fabaceae","Vicia","SJ","SJ33","SJ33Q","","United Kingdom","England"
"ffc93ca1-1ea3-4dfa-9e91-8c7aa747a679","405986","CC-BY","Shropshire Ecological Data Network","Cirsium vulgare","Spear Thistle","NBNSYS0000004490","species","present","2004-08-01","01","08","2004","","","","","Shropshire","SJ53T","52.92867","-2.64111","2.0","","Thorne, Dr A.K.","N/A","","","","","","","","","Accepted","HumanObservation","","Shropshire Ecological Data Network database","dr782","Shropshire Ecological Data Network","dp120","","Plantae","Tracheophyta","Magnoliopsida","Asterales","Asteraceae","Cirsium","SJ","SJ53","SJ53T","","United Kingdom","England"
"ffc89682-6463-4966-93b2-65d7b0c9b284","238569","CC-BY","Shropshire Ecological Data Network","Rubus fruticosus agg.","Bramble","NBNSYS0000003328","unranked","present","2008-08-11","11","08","2008","","","","","Spurtree","SO603694","52.32171","-2.58315","100.0","","Duffell, Mr M.S.","N/A","","","","","","","","","Accepted","HumanObservation","","Shropshire Ecological Data Network database","dr782","Shropshire Ecological Data Network","dp120","","Plantae","Tracheophyta","Magnoliopsida","Rosales","Rosaceae","Rubus","SO","SO66","SO66E","SO6069","United Kingdom","England"
"ffc7a866-68dd-4d30-8c2e-b19f8a227051","2cd4p9h.n74eq","CC-BY-NC","","Galium palustre","Common Marsh-Bedstraw","NBNSYS0000004313","species","present","","","08","1955","","","08","1955","","SJ31","52.72872","-2.96395","10000.0","","Perring, F.H.","","","","","","","","","","Unconfirmed","HumanObservation","","Welsh BSBI data (ex-VPDB dataset) at hectad resolution","dr656","Botanical Society of Britain & Ireland","dp91","","Plantae","Tracheophyta","Magnoliopsida","Gentianales","Rubiaceae","Galium","SJ","SJ31","","","United Kingdom","England"
"ffc6a43e-836d-44bf-86bb-a312105fce91","146607","CC-BY","Shropshire Ecological Data Network","Alopecurus geniculatus","Marsh Foxtail","NBNSYS0000002657","species","present","2015-08-12","12","08","2015","","","","","Linley Hill","SO3594","52.54451","-2.95254","1000.0","","Green, Mr P.R.","N/A","","","","","","","","","Accepted","HumanObservation","","Shropshire Ecological Data Network database","dr782","Shropshire Ecological Data Network","dp120","","Plantae","Tracheophyta","Magnoliopsida","Poales","Poaceae","Alopecurus","SO","SO39","SO39M","SO3594","United Kingdom","England"
"ffc627ba-d3da-4e4f-a8f6-8ea1e8572305","199572","CC-BY","Shropshire Ecological Data Network","Atriplex patula","Common Orache","NBNSYS0000003111","species","present","1980-08-01","01","08","1980","","","","","The Long Mynd","SO4595","52.5546","-2.80526","1000.0","","Davidson, Ms H.M.","N/A","","","","","","","","","Accepted","HumanObservation","","Shropshire Ecological Data Network database","dr782","Shropshire Ecological Data Network","dp120","","Plantae","Tracheophyta","Magnoliopsida","Caryophyllales","Amaranthaceae","Atriplex","SO","SO49","SO49M","SO4595","United Kingdom","England"
"ffc5dc59-68d9-4cd7-aa1d-231c6be859af","330433","CC-BY","Shropshire Ecological Data Network","Veronica beccabunga","Brooklime","NBNSYS0000004096","species","present","1983-08-31","31","08","1983","","","","","The Old River Bed, Shrewsbury","SJ4914","52.72577","-2.74918","1000.0","","Bayley, Mr J.A., Smallshire, Mr D.","N/A","","","","","","","","","Accepted","HumanObservation","","Shropshire Ecological Data Network database","dr782","Shropshire Ecological Data Network","dp120","","Plantae","Tracheophyta","Magnoliopsida","Lamiales","Plantaginaceae","Veronica","SJ","SJ41","SJ41X","SJ4914","United Kingdom","England"
"ffc49980-b0d8-402f-ba0a-880f7afa4087","104170","CC-BY","Shropshire Ecological Data Network","Typha latifolia","Bulrush","NBNSYS0000002369","species","present","1988-08-23","23","08","1988","","","","","Apley Pool","SJ654135","52.71849","-2.51293","100.0","","Trueman, Prof I.C.","N/A","","","","","","","","","Accepted","HumanObservation","","Shropshire Ecological Data Network database","dr782","Shropshire Ecological Data Network","dp120","","Plantae","Tracheophyta","Magnoliopsida","Poales","Typhaceae","Typha","SJ","SJ61","SJ61L","SJ6513","United Kingdom","England"
"ffc40ef7-c9dc-43ff-8a14-33d4a37602a4","102777","CC-BY","Shropshire Ecological Data Network","Lemna minor","Common Duckweed","NBNSYS0000002358","species","present","1987-08-04","04","08","1987","","","","","Shropshire","SO38W","52.44155","-2.89882","2.0","","Warren, Mrs J.A.","N/A","","","","","","","","","Accepted","HumanObservation","","Shropshire Ecological Data Network database","dr782","Shropshire Ecological Data Network","dp120","","Plantae","Tracheophyta","Magnoliopsida","Alismatales","Araceae","Lemna","SO","SO38","SO38W","","United Kingdom","England"
"ffc3d5fa-f2ef-438b-802f-d4f09f5ee1f6","413633","CC-BY","Shropshire Ecological Data Network","Centaurea nigra","Common Knapweed","NBNSYS0000004506","species","present","1974-08-08","08","08","1974","","","","","Strand Brook at Peatonstrand","SO5384","52.45646","-2.68574","1000.0","","Perring, Dr F.H., Ashwell, Mrs A., Goodwin, Mrs M.E.","N/A","","","","","","","","","Accepted","HumanObservation","","Shropshire Ecological Data Network database","dr782","Shropshire Ecological Data Network","dp120","","Plantae","Tracheophyta","Magnoliopsida","Asterales","Asteraceae","Centaurea","SO","SO58","SO58H","SO5384","United Kingdom","England"
"ffc3392f-fb6b-4c2f-b83d-0b5bd62d2685","179754","CC-BY","Shropshire Ecological Data Network","Viola palustris","Marsh Violet","NBNSYS0000002939","species","present","2015-08-19","19","08","2015","","","","","Linley Hill","SO3695","52.55362","-2.93799","1000.0","","Green, Mr P.R.","N/A","","","","","","","","","Accepted","HumanObservation","","Shropshire Ecological Data Network database","dr782","Shropshire Ecological Data Network","dp120","","Plantae","Tracheophyta","Magnoliopsida","Malpighiales","Violaceae","Viola","SO","SO39","SO39S","SO3695","United Kingdom","England"
"ffc29474-af02-4bf0-8335-0e64790c4316","142781","CC-BY","Shropshire Ecological Data Network","Agrostis gigantea","Black Bent","NBNSYS0000002639","species","present","2009-08-17","17","08","2009","","","","","Downton Hall","SO5278","52.40244","-2.6996","1000.0","","Green, Mr P.R.","N/A","","","","","","","","","Accepted","HumanObservation","","Shropshire Ecological Data Network database","dr782","Shropshire Ecological Data Network","dp120","","Plantae","Tracheophyta","Magnoliopsida","Poales","Poaceae","Agrostis","SO","SO57","SO57J","SO5278","United Kingdom","England"
"ffc25056-1045-442b-a5e2-be21beebb420","704481","CC-BY","Shropshire Ecological Data Network","Rubus pascuorum","","NHMSYS0000462828","unranked","present","1964-08-15","15","08","1964","","","","","Church Pulverbatch","SJ430025","52.61772","-2.84261","100.0","","Edees, Mr E.S.","N/A","","","","","","","","","Accepted","HumanObservation","","Shropshire Ecological Data Network database","dr782","Shropshire Ecological Data Network","dp120","","Plantae","Tracheophyta","Magnoliopsida","Rosales","Rosaceae","Rubus","SJ","SJ40","SJ40G","SJ4302","United Kingdom","England"
"ffc2270d-f197-4628-91db-609e4a18b7aa","807783","CC-BY","Shropshire Ecological Data Network","Crataegus monogyna","Hawthorn","NBNSYS0000003430","species","present","1956-08-31","31","08","1956","","","","","Craig Sychtyn","SJ2325","52.82158","-3.13667","1000.0","","Lawson, Mr J.B.","N/A","","","","","","","","","Accepted","HumanObservation","","Shropshire Ecological Data Network database","dr782","Shropshire Ecological Data Network","dp120","","Plantae","Tracheophyta","Magnoliopsida","Rosales","Rosaceae","Crataegus","SJ","SJ22","SJ22H","SJ2325","United Kingdom","England"
"ffc167c2-433e-4e1e-a581-5b04947198ce","641547","CC-BY","Shropshire Ecological Data Network","Scutellaria galericulata","Skullcap","NBNSYS0000004259","species","present","1996-08-18","18","08","1996","","","","","Shrawardine Pool","SJ3916","52.74272","-2.8976","1000.0","","Whild, Dr S.J., Lockton, Mr A.J.","N/A","","","","","","","","","Accepted","HumanObservation","","Shropshire Ecological Data Network database","dr782","Shropshire Ecological Data Network","dp120","","Plantae","Tracheophyta","Magnoliopsida","Lamiales","Lamiaceae","Scutellaria","SJ","SJ31","SJ31Y","SJ3916","United Kingdom","England"
"ffc1111c-1c96-45c8-a93c-727c178d9fac","87909","CC-BY","Shropshire Ecological Data Network","Juncus conglomeratus","Compact Rush","NBNSYS0000002222","species","present","2010-08-10","10","08","2010","","","","","Hope Bowdler Hill","SO47639400","52.54137","-2.77354","10.0","","Eades, Dr P.","N/A","","","","","","","","","Accepted","HumanObservation","","Shropshire Ecological Data Network database","dr782","Shropshire Ecological Data Network","dp120","","Plantae","Tracheophyta","Magnoliopsida","Poales","Juncaceae","Juncus","SO","SO49","SO49S","SO4794","United Kingdom","England"
"ffc07d44-a47e-4389-866b-e55e9428c690","245141","CC-BY","Shropshire Ecological Data Network","Fragaria vesca","Wild Strawberry","NBNSYS0000003358","species","present","2009-08-17","17","08","2009","","","","","Cleestanton","SO5779","52.41184","-2.62624","1000.0","","Green, Mr I.P.","N/A","","","","","","","","","Accepted","HumanObservation","","Shropshire Ecological Data Network database","dr782","Shropshire Ecological Data Network","dp120","","Plantae","Tracheophyta","Magnoliopsida","Rosales","Rosaceae","Fragaria","SO","SO57","SO57U","SO5779","United Kingdom","England"
"ffbd9d5c-c9a3-4a77-b085-bd4f9e20d32a","430101","CC-BY","Shropshire Ecological Data Network","Dryopteris filix-mas","Common Male Fern","NBNSYS0000004640","species","present","2015-08-13","13","08","2015","","","","","Medlicott","SO4094","52.54508","-2.87882","1000.0","","Green, Mr P.R.","N/A","","","","","","","","","Accepted","HumanObservation","","Shropshire Ecological Data Network database","dr782","Shropshire Ecological Data Network","dp120","","Plantae","Pteridophyta","Polypodiopsida","Polypodiales","Dryopteridaceae","Dryopteris","SO","SO49","SO49C","SO4094","United Kingdom","England"
"ffbd3546-5ae4-45e1-8f71-f01dba78d986","387193","CC-BY","Shropshire Ecological Data Network","Senecio vulgaris","Groundsel","NBNSYS0000004371","species","present","2010-08-03","03","08","2010","","","","","Duddlewick","SO6583","52.44836","-2.50905","1000.0","","Lockton, Mr A.J.","N/A","","","","","","","","","Accepted","HumanObservation","","Shropshire Ecological Data Network database","dr782","Shropshire Ecological Data Network","dp120","","Plantae","Tracheophyta","Magnoliopsida","Asterales","Asteraceae","Senecio","SO","SO68","SO68L","SO6583","United Kingdom","England"
"ffbcc069-d549-483d-af3b-d202c36a255c","696368","CC-BY","Shropshire Ecological Data Network","Persicaria amphibia","Amphibious Bistort","NHMSYS0000461597","species","present","1994-08-09","09","08","1994","","","","","Pole Mere","SJ4109","52.68002","-2.86673","1000.0","","Mileto, Mr R.","N/A","","","","","","","","","Accepted","HumanObservation","","Shropshire Ecological Data Network database","dr782","Shropshire Ecological Data Network","dp120","","Plantae","Tracheophyta","Magnoliopsida","Caryophyllales","Polygonaceae","Persicaria","SJ","SJ40","SJ40E","SJ4109","United Kingdom","England"
"ffbbba62-9c39-43f0-8ef5-a544006c89ea","248489","CC-BY","Shropshire Ecological Data Network","Agrimonia eupatoria","Agrimony","NBNSYS0000003366","species","present","1998-08-17","17","08","1998","","","","","Dolgoch Quarry","SJ27752474","52.81538","-3.07337","10.0","","Whild, Dr S.J., Lockton, Mr A.J.","N/A","","","","","","","","","Accepted","HumanObservation","","Shropshire Ecological Data Network database","dr782","Shropshire Ecological Data Network","dp120","","Plantae","Tracheophyta","Magnoliopsida","Rosales","Rosaceae","Agrimonia","SJ","SJ22","SJ22S","SJ2724","United Kingdom","England"
"ffbba8de-c155-40fd-a7fb-dc2657c6275c","545665518","CC-BY","","Oxyrrhynchium hians","Swartz's Feather-moss","NHMSYS0020695887","species","present","2013-08-25","25","08","2013","2013-08-25","25","08","2013","Preston Montford","SJ4314","52.72518","-2.83802","1000.0","","Godfrey, M.F.","","","","","","","","","FSC 70th Anniversary Bioblitz","Accepted","HumanObservation","908","Bryophyte data for Great Britain from the British Bryological Society held by BRC: Atlas 2014","dr859","British Bryological Society","dp74","British Bryological Society","Plantae","Bryophyta","Bryopsida","Hypnales","Brachytheciaceae","Oxyrrhynchium","SJ","SJ41","SJ41H","SJ4314","United Kingdom","England"
"ffb8ce1f-5740-41b1-bb1d-67c0fa415a6c","296642","CC-BY","Shropshire Ecological Data Network","Rumex conglomeratus","Clustered Dock","NBNSYS0000003797","species","present","2009-08-25","25","08","2009","","","","","Tunstall Wood","SJ6226","52.8347","-2.55809","1000.0","","Lockton, Mr A.J.","N/A","","","","","","","","","Accepted","HumanObservation","","Shropshire Ecological Data Network database","dr782","Shropshire Ecological Data Network","dp120","","Plantae","Tracheophyta","Magnoliopsida","Caryophyllales","Polygonaceae","Rumex","SJ","SJ62","SJ62I","SJ6226","United Kingdom","England"
"ffb76f79-11c8-496b-8d28-df087ff4d171","149912","CC-BY","Shropshire Ecological Data Network","Anthoxanthum odoratum","Sweet Vernal Grass","NBNSYS0000002667","species","present","2010-08-25","25","08","2010","","","","","Wootton","SO7788","52.49394","-2.33283","1000.0","","Trueman, Prof I.C., Cohn, Dr E.V.J., Handley, Mr J.","N/A","","","","","","","","","Accepted","HumanObservation","","Shropshire Ecological Data Network database","dr782","Shropshire Ecological Data Network","dp120","","Plantae","Tracheophyta","Magnoliopsida","Poales","Poaceae","Anthoxanthum","SO","SO78","SO78U","SO7788","United Kingdom","England"
"ffb62889-2cdc-436f-962d-29a8ebe91612","716791","CC-BY","Shropshire Ecological Data Network","Tripleurospermum inodorum","Scentless Mayweed","NHMSYS0000464606","species","present","2006-08-04","04","08","2006","","","","","River Severn at Uffington","SJ5213","52.71706","-2.70462","1000.0","","Stewart, Mr N.F., Lockton, Mr A.J.","N/A","","","","","","","","","Accepted","HumanObservation","","Shropshire Ecological Data Network database","dr782","Shropshire Ecological Data Network","dp120","","Plantae","Tracheophyta","Magnoliopsida","Asterales","Asteraceae","Tripleurospermum","SJ","SJ51","SJ51G","SJ5213","United Kingdom","England"
"ffb587a6-271d-49c1-84e8-85df45bd99f8","593144","CC-BY","Shropshire Ecological Data Network","Taraxacum","Dandelion Agg.","NHMSYS0000464161","genus","present","2004-08-17","17","08","2004","","","","","River Kemp at Brockton","SO3285","52.46325","-2.99494","1000.0","","Gomersall, Mrs F.J.","N/A","","","","","","","","","Accepted","HumanObservation","","Shropshire Ecological Data Network database","dr782","Shropshire Ecological Data Network","dp120","","Plantae","Tracheophyta","Magnoliopsida","Asterales","Asteraceae","Taraxacum","SO","SO38","SO38H","SO3285","United Kingdom","England"
"ffb44f7d-5ee8-44bd-bfba-0c06affe7133","363023","CC-BY","Shropshire Ecological Data Network","Plantago lanceolata","Ribwort Plantain","NBNSYS0000004275","species","present","2015-08-10","10","08","2015","","","","","Gravenor","SO3794","52.54475","-2.92305","1000.0","","Green, Mr P.R.","N/A","","","","","","","","","Accepted","HumanObservation","","Shropshire Ecological Data Network database","dr782","Shropshire Ecological Data Network","dp120","","Plantae","Tracheophyta","Magnoliopsida","Lamiales","Plantaginaceae","Plantago","SO","SO39","SO39S","SO3794","United Kingdom","England"
"ffb404f2-1d9c-48e6-bdb6-0cb4d4938e86","205158","CC-BY","Shropshire Ecological Data Network","Geranium lucidum","Shining Crane's-Bill","NBNSYS0000003161","species","present","2010-08-25","25","08","2010","","","","","Wootton","SO7788","52.49394","-2.33283","1000.0","","Trueman, Prof I.C., Cohn, Dr E.V.J., Handley, Mr J.","N/A","","","","","","","","","Accepted","HumanObservation","","Shropshire Ecological Data Network database","dr782","Shropshire Ecological Data Network","dp120","","Plantae","Tracheophyta","Magnoliopsida","Geraniales","Geraniaceae","Geranium","SO","SO78","SO78U","SO7788","United Kingdom","England"
"ffad6264-9606-4b7a-8194-835ba654557b","226304","CC-BY","Shropshire Ecological Data Network","Vicia cracca","Tufted Vetch","NBNSYS0000003283","species","present","2016-08-02","02","08","2016","","","","","Elbridge","SJ3623","52.8053","-2.9434","1000.0","","Shanklin, Dr J.D.","N/A","","","","","","","","","Accepted","HumanObservation","","Shropshire Ecological Data Network database","dr782","Shropshire Ecological Data Network","dp120","","Plantae","Tracheophyta","Magnoliopsida","Fabales","Fabaceae","Vicia","SJ","SJ32","SJ32R","SJ3623","United Kingdom","England"
"ffac67f6-25c9-469e-98b8-e1db4f273b1a","676613","CC-BY","Shropshire Ecological Data Network","Deschampsia cespitosa","Tufted Hair-Grass","NHMSYS0000458048","species","present","2008-08-12","12","08","2008","","","","","Cefn Lane, Nantmawr","SJ255243","52.81153","-3.10599","100.0","","Gomersall, Mrs F.J.","N/A","","","","","","","","","Accepted","HumanObservation","","Shropshire Ecological Data Network database","dr782","Shropshire Ecological Data Network","dp120","","Plantae","Tracheophyta","Magnoliopsida","Poales","Poaceae","Deschampsia","SJ","SJ22","SJ22M","SJ2524","United Kingdom","England"
"ffac3fa7-6f07-4104-9202-b94e03d5d300","805522","CC-BY","Shropshire Ecological Data Network","Corylus avellana","Hazelnut","NBNSYS0000003839","species","present","1996-08-18","18","08","1996","","","","","Lower Wigmore Clay Pits","SJ3411","52.6972","-2.97066","1000.0","","Whild, Dr S.J., Lockton, Mr A.J.","N/A","","","","","","","","","Accepted","HumanObservation","","Shropshire Ecological Data Network database","dr782","Shropshire Ecological Data Network","dp120","","Plantae","Tracheophyta","Magnoliopsida","Fagales","Betulaceae","Corylus","SJ","SJ31","SJ31K","SJ3411","United Kingdom","England"
"ffab45a2-4add-422f-92c1-e0eae450368e","80237","CC-BY","Shropshire Ecological Data Network","Hyacinthoides non-scripta","Bluebell","NBNSYS0000002185","species","present","2006-08-16","16","08","2006","","","","","Cound Quarry","SJ5505","52.6454","-2.65913","1000.0","","Thorne, Dr A.K.","N/A","","","","","","","","","Accepted","HumanObservation","","Shropshire Ecological Data Network database","dr782","Shropshire Ecological Data Network","dp120","","Plantae","Tracheophyta","Magnoliopsida","Asparagales","Asparagaceae","Hyacinthoides","SJ","SJ50","SJ50M","SJ5505","United Kingdom","England"
"ffaa4ad3-840f-4c28-802c-e825bb2f1ce0","102951","CC-BY","Shropshire Ecological Data Network","Lemna minor","Common Duckweed","NBNSYS0000002358","species","present","1992-08-01","01","08","1992","","","","","The Old River Bed, Shrewsbury","SJ4914","52.72577","-2.74918","1000.0","","Castle, Mrs G.E., Mileto, Mr R.","N/A","","","","","","","","","Accepted","HumanObservation","","Shropshire Ecological Data Network database","dr782","Shropshire Ecological Data Network","dp120","","Plantae","Tracheophyta","Magnoliopsida","Alismatales","Araceae","Lemna","SJ","SJ41","SJ41X","SJ4914","United Kingdom","England"
"ffa8ce12-b8ad-47fd-a355-cde01f5ccd65","676673","CC-BY","Shropshire Ecological Data Network","Deschampsia cespitosa","Tufted Hair-Grass","NHMSYS0000458048","species","present","1994-08-25","25","08","1994","","","","","Colleybrook Green","SO585750","52.37192","-2.61025","100.0","","Wrench, Mr D.H.","N/A","","","","","","","","","Accepted","HumanObservation","","Shropshire Ecological Data Network database","dr782","Shropshire Ecological Data Network","dp120","","Plantae","Tracheophyta","Magnoliopsida","Poales","Poaceae","Deschampsia","SO","SO57","SO57X","SO5875","United Kingdom","England"
"ffa44dcf-93d5-4a14-af39-b0a14453d93b","370393","CC-BY","Shropshire Ecological Data Network","Galium saxatile","Heath Bedstraw","NBNSYS0000004310","species","present","2013-08-26","26","08","2013","","","","","Furnace Mill","SO7176","52.38578","-2.42017","1000.0","","Handley, Mr J.","N/A","","","","","","","","","Accepted","HumanObservation","","Shropshire Ecological Data Network database","dr782","Shropshire Ecological Data Network","dp120","","Plantae","Tracheophyta","Magnoliopsida","Gentianales","Rubiaceae","Galium","SO","SO77","SO77D","SO7176","United Kingdom","England"
"ffa23a5a-9994-4ed2-be6e-2a9d0c49c2c4","808279","CC-BY","Shropshire Ecological Data Network","Crataegus monogyna","Hawthorn","NBNSYS0000003430","species","present","1987-08-13","13","08","1987","","","","","Hopesay Hill","SO3983","52.4461","-2.89156","1000.0","","Trueman, Prof I.C., Lawley, Ms S.","N/A","","","","","","","","","Accepted","HumanObservation","","Shropshire Ecological Data Network database","dr782","Shropshire Ecological Data Network","dp120","","Plantae","Tracheophyta","Magnoliopsida","Rosales","Rosaceae","Crataegus","SO","SO38","SO38W","SO3983","United Kingdom","England"
"ff9ccf4f-b555-4636-97e8-027bab1adf21","695971","CC-BY","Shropshire Ecological Data Network","Persicaria amphibia","Amphibious Bistort","NHMSYS0000461597","species","present","2011-08-21","21","08","2011","","","","","Albrighton","SJ8004","52.63789","-2.28959","1000.0","","Whild, Dr S.J., O'Donnell, Dr S., O'Donnell, Mrs E.","N/A","","","","","","","","","Accepted","HumanObservation","","Shropshire Ecological Data Network database","dr782","Shropshire Ecological Data Network","dp120","","Plantae","Tracheophyta","Magnoliopsida","Caryophyllales","Polygonaceae","Persicaria","SJ","SJ80","SJ80C","SJ8004","United Kingdom","England"
"ff9c1970-2d39-4422-a175-3378dd656b74","325153","CC-BY","Shropshire Ecological Data Network","Scrophularia nodosa","Common Figwort","NBNSYS0000004078","species","present","1995-08-11","11","08","1995","","","","","River Roden at Rodenhurst","SJ5915","52.73561","-2.60125","1000.0","","Lockton, Mr A.J.","N/A","","","","","","","","","Accepted","HumanObservation","","Shropshire Ecological Data Network database","dr782","Shropshire Ecological Data Network","dp120","","Plantae","Tracheophyta","Magnoliopsida","Lamiales","Scrophulariaceae","Scrophularia","SJ","SJ51","SJ51X","SJ5915","United Kingdom","England"
"ff9c1369-47c4-4cb8-b4cb-5f01c19ad1ac","208011","CC-BY","Shropshire Ecological Data Network","Oxalis acetosella","Wood-Sorrel","NBNSYS0000003175","species","present","2009-08-17","17","08","2009","","","","","Furlong","SO5681","52.42974","-2.6412","1000.0","","Green, Mr I.P.","N/A","","","","","","","","","Accepted","HumanObservation","","Shropshire Ecological Data Network database","dr782","Shropshire Ecological Data Network","dp120","","Plantae","Tracheophyta","Magnoliopsida","Oxalidales","Oxalidaceae","Oxalis","SO","SO58","SO58Q","SO5681","United Kingdom","England"
"ff9a09cc-c37c-4e60-8055-532a18de92e0","881034","CC-BY","Shropshire Ecological Data Network","Hedera helix","","NHMSYS0021118909","unranked","present","2011-08-22","22","08","2011","","","","","Birdsgreen","SO7785","52.46697","-2.33262","1000.0","","Lockton, Mr A.J., Mobarak, Miss J.","N/A","","","","","","","","","Accepted","HumanObservation","","Shropshire Ecological Data Network database","dr782","Shropshire Ecological Data Network","dp120","","Plantae","Tracheophyta","Magnoliopsida","Apiales","Araliaceae","Hedera","SO","SO78","SO78S","SO7785","United Kingdom","England"
"ff974d17-ba08-4683-b861-0f1dbd7542f0","255679","CC-BY","Shropshire Ecological Data Network","Ribes rubrum","Red Currant","NBNSYS0000003513","species","present","1988-08-04","04","08","1988","","","","","Shropshire","SJ31J","52.76443","-2.99438","2.0","","Stafford, Mrs S., Prestwood, Mr W.V.","N/A","","","","","","","","","Accepted","HumanObservation","","Shropshire Ecological Data Network database","dr782","Shropshire Ecological Data Network","dp120","","Plantae","Tracheophyta","Magnoliopsida","Saxifragales","Grossulariaceae","Ribes","SJ","SJ31","SJ31J","","United Kingdom","England"
"ff96a964-57d4-452b-a9ca-e661ad750f17","422813","CC-BY","Shropshire Ecological Data Network","Sonchus asper","Prickly Sow-Thistle","NBNSYS0000004544","species","present","2005-08-01","01","08","2005","","","","","Ebnal Hall","SJ33C","52.90798","-3.02741","2.0","","Thorne, Dr A.K.","N/A","","","","","","","","","Accepted","HumanObservation","","Shropshire Ecological Data Network database","dr782","Shropshire Ecological Data Network","dp120","","Plantae","Tracheophyta","Magnoliopsida","Asterales","Asteraceae","Sonchus","SJ","SJ33","SJ33C","","United Kingdom","England"
"ff966a9b-b18f-476b-855e-53ed12fd4990","307853","CC-BY","Shropshire Ecological Data Network","Calluna vulgaris","Heather","NBNSYS0000003902","species","present","1995-08-07","07","08","1995","","","","","The Stiperstones","SO36299808","52.57683","-2.94151","10.0","","Lockton, Mr A.J., Whild, Dr S.J.","N/A","","","","","","","","","Accepted","HumanObservation","","Shropshire Ecological Data Network database","dr782","Shropshire Ecological Data Network","dp120","","Plantae","Tracheophyta","Magnoliopsida","Ericales","Ericaceae","Calluna","SO","SO39","SO39U","SO3698","United Kingdom","England"
"ff95c95a-154a-4aca-8f01-e49d2551246c","400339","CC-BY","Shropshire Ecological Data Network","Artemisia vulgaris","Mugwort","NBNSYS0000004469","species","present","2004-08-01","01","08","2004","","","","","Shropshire","SJ53T","52.92867","-2.64111","2.0","","Thorne, Dr A.K.","N/A","","","","","","","","","Accepted","HumanObservation","","Shropshire Ecological Data Network database","dr782","Shropshire Ecological Data Network","dp120","","Plantae","Tracheophyta","Magnoliopsida","Asterales","Asteraceae","Artemisia","SJ","SJ53","SJ53T","","United Kingdom","England"
"ff955c58-f015-4c8d-ba25-081250583152","165784","CC-BY","Shropshire Ecological Data Network","Papaver rhoeas","Common Poppy","NBNSYS0000002764","species","present","1987-08-23","23","08","1987","","","","","Clun","SO3080","52.41806","-3.02333","1000.0","","Warren, Mrs J.A.","N/A","","","","","","","","","Accepted","HumanObservation","","Shropshire Ecological Data Network database","dr782","Shropshire Ecological Data Network","dp120","","Plantae","Tracheophyta","Magnoliopsida","Ranunculales","Papaveraceae","Papaver","SO","SO38","SO38A","SO3080","United Kingdom","England"
"ff950e38-2fac-4d18-bf60-44b366c0438d","395340","CC-BY","Shropshire Ecological Data Network","Achillea millefolium","Yarrow","NBNSYS0000004451","species","present","1997-08-06","06","08","1997","","","","","Pant Roadside Verge","SJ278232","52.80196","-3.07163","100.0","","Whild, Dr S.J., Lockton, Mr A.J., Felton, Mr J.","N/A","","","","","","","","","Accepted","HumanObservation","","Shropshire Ecological Data Network database","dr782","Shropshire Ecological Data Network","dp120","","Plantae","Tracheophyta","Magnoliopsida","Asterales","Asteraceae","Achillea","SJ","SJ22","SJ22R","SJ2723","United Kingdom","England"
"ff94c8e0-7616-4632-9b66-124eaff409e5","84129","CC-BY","Shropshire Ecological Data Network","Juncus inflexus","Hard Rush","NBNSYS0000002220","species","present","1997-08-17","17","08","1997","","","","","Lower Broughton Farm","SO317910","52.51305","-3.00712","100.0","","Whild, Dr S.J., Lockton, Mr A.J.","N/A","","","","","","","","","Accepted","HumanObservation","","Shropshire Ecological Data Network database","dr782","Shropshire Ecological Data Network","dp120","","Plantae","Tracheophyta","Magnoliopsida","Poales","Juncaceae","Juncus","SO","SO39","SO39A","SO3191","United Kingdom","England"
"ff939a25-29b7-40ac-ae9c-cbabf9bf3a15","315256","CC-BY","Shropshire Ecological Data Network","Menyanthes trifoliata","Bogbean","NBNSYS0000003976","species","present","2009-08-13","13","08","2009","","","","","Wilderley Hill","SO4199","52.59014","-2.86496","1000.0","","Gomersall, Mrs F.J.","N/A","","","","","","","","","Accepted","HumanObservation","","Shropshire Ecological Data Network database","dr782","Shropshire Ecological Data Network","dp120","","Plantae","Tracheophyta","Magnoliopsida","Asterales","Menyanthaceae","Menyanthes","SO","SO49","SO49E","SO4199","United Kingdom","England"
"ff936156-8faa-4382-b1f3-85bde3c6ad95","340633","CC-BY","Shropshire Ecological Data Network","Odontites vernus","Red Bartsia","NBNSYS0000004164","species","present","1974-08-08","08","08","1974","","","","","Strand Brook at Peatonstrand","SO5384","52.45646","-2.68574","1000.0","","Perring, Dr F.H., Ashwell, Mrs A., Goodwin, Mrs M.E.","N/A","","","","","","","","","Accepted","HumanObservation","","Shropshire Ecological Data Network database","dr782","Shropshire Ecological Data Network","dp120","","Plantae","Tracheophyta","Magnoliopsida","Lamiales","Orobanchaceae","Odontites","SO","SO58","SO58H","SO5384","United Kingdom","England"
"ff92fdd6-0208-4bad-8f34-93660ea216df","147562","CC-BY","Shropshire Ecological Data Network","Milium effusum","Wood Millet","NBNSYS0000002663","species","present","2009-08-15","15","08","2009","","","","","Sidbury","SO6886","52.47551","-2.46519","1000.0","","Green, Mr P.R.","N/A","","","","","","","","","Accepted","HumanObservation","","Shropshire Ecological Data Network database","dr782","Shropshire Ecological Data Network","dp120","","Plantae","Tracheophyta","Magnoliopsida","Poales","Poaceae","Milium","SO","SO68","SO68Y","SO6886","United Kingdom","England"
"ff9265af-a304-42fd-8ce3-3371053945ed","360808","CC-BY","Shropshire Ecological Data Network","Plantago major","Greater Plantain","NBNSYS0000004273","species","present","2005-08-26","26","08","2005","","","","","More","SO339913","52.51601","-2.97476","100.0","","Pearson, Ms T., Dawes, Mrs R.A.","N/A","","","","","","","","","Accepted","HumanObservation","","Shropshire Ecological Data Network database","dr782","Shropshire Ecological Data Network","dp120","","Plantae","Tracheophyta","Magnoliopsida","Lamiales","Plantaginaceae","Plantago","SO","SO39","SO39F","SO3391","United Kingdom","England"
"caf-ec5f-42b9-aec9-a3fe93b549fe","544971298","CC-BY","","Pellia epiphylla","Overleaf Pellia","NHMSYS0000310421","species","present","","","","2006","","","","2006","Haughmond Hill","SJ5413","52.71723","-2.67502","1000.0","","Godfrey, M.F.","","","","","","","","","Records forwarded by Mark Lawley","Accepted","HumanObservation","513","Bryophyte data for Great Britain from the British Bryological Society held by BRC: Atlas 2014","dr859","British Bryological Society","dp74","British Bryological Society","Plantae","Marchantiophyta","Jungermanniopsida","Pelliales","Pelliaceae","Pellia","SJ","SJ51","SJ51L","SJ5413","United Kingdom","England"
